PID,PName,PCity,Color,Weight
0,﻿Гайка,Краснодар,Чёрный,0.852
1,Болт,Санкт-Петербург,Красный,1.7309999999999999
2,Ремень,Новосибирск,Зелёный,0.866
3,Леска,Екатеринбург,Белый,1.166
4,Отвёртка,Новгород,Жёлтый,0.162
5,Верёвка,Самара,Синий,1.1540000000000001
6,Труба,Казань,Серый,15.886
7,Радиатор,Омск,Чёрный,10.298
8,Кожух,Челябинск,Красный,19.724
9,Шуруп,Ростов-на-Дону,Зелёный,0.444
10,Гвоздь,Уфа,Белый,0.868
11,Стальной лист,Волгоград,Жёлтый,19.088
12,Ручка,Пермь,Синий,1.857
13,Поручень,Красноярск,Серый,10.435
14,Колесо,Воронеж,Чёрный,16.785
15,Шина,Саратов,Красный,16.038
16,﻿Гайка,Краснодар,Зелёный,0.6509999999999999
17,Болт,Тольятти,Белый,0.995
18,Ремень,Ижевск,Жёлтый,0.95
19,Леска,Барнаул,Синий,0.82
20,Отвёртка,Ульяновск,Серый,1.599
21,Верёвка,Тюмень,Чёрный,0.9890000000000001
22,Труба,Иркутск,Красный,10.862
23,Радиатор,Владивосток,Зелёный,19.621
24,Кожух,Ярославль,Белый,10.128
25,Шуруп,﻿Москва,Жёлтый,0.483
26,Гвоздь,Санкт-Петербург,Синий,0.465
27,Стальной лист,Новосибирск,Серый,10.411
28,Ручка,Екатеринбург,Чёрный,1.629
29,Поручень,Новгород,Красный,18.975
30,Колесо,Самара,Зелёный,15.296
31,Шина,Казань,Белый,18.836
32,﻿Гайка,Омск,Жёлтый,1.459
33,Болт,Челябинск,Синий,1.621
34,Ремень,Ростов-на-Дону,Серый,1.334
35,Леска,Уфа,Чёрный,0.382
36,Отвёртка,Волгоград,Красный,0.21899999999999997
37,Верёвка,Пермь,Зелёный,0.406
38,Труба,Красноярск,Белый,16.47
39,Радиатор,Воронеж,Жёлтый,12.458
40,Кожух,Саратов,Синий,15.999
41,Шуруп,Краснодар,Серый,1.291
42,Гвоздь,Тольятти,Чёрный,1.9380000000000002
43,Стальной лист,Ижевск,Красный,12.852
44,Ручка,Барнаул,Зелёный,0.8009999999999999
45,Поручень,Ульяновск,Белый,13.304
46,Колесо,Тюмень,Жёлтый,15.04
47,Шина,Иркутск,Синий,13.946
48,﻿Гайка,Владивосток,Серый,1.006
49,Болт,Ярославль,Чёрный,0.11599999999999999
50,Ремень,﻿Москва,Красный,1.758
51,Леска,Санкт-Петербург,Зелёный,1.686
52,Отвёртка,Новосибирск,Белый,1.536
53,Верёвка,Екатеринбург,Жёлтый,0.272
54,Труба,Новгород,Синий,11.699000000000002
55,Радиатор,Самара,Серый,12.89
56,Кожух,Казань,Чёрный,19.984
57,Шуруп,Омск,Красный,1.858
58,Гвоздь,Челябинск,Зелёный,0.245
59,Стальной лист,Ростов-на-Дону,Белый,10.024
60,Ручка,Пермь,Жёлтый,1.3980000000000001
61,Поручень,Волгоград,Синий,16.026
62,Колесо,Пермь,Серый,19.031
63,Шина,Красноярск,Чёрный,15.264000000000001
64,﻿Гайка,Воронеж,Красный,1.669
65,Болт,Саратов,Зелёный,0.747
66,Ремень,Краснодар,Белый,0.6409999999999999
67,Леска,Тольятти,Жёлтый,1.6569999999999998
68,Отвёртка,Ижевск,Синий,0.408
69,Верёвка,Барнаул,Серый,1.149
70,Труба,Ульяновск,Чёрный,13.054
71,Радиатор,Тюмень,Красный,16.293
72,Кожух,Иркутск,Зелёный,18.912
73,Шуруп,Владивосток,Белый,1.912
74,Гвоздь,Ярославль,Жёлтый,1.217
75,Стальной лист,﻿Москва,Синий,13.831
76,Ручка,Санкт-Петербург,Серый,1.5859999999999999
77,Поручень,Новосибирск,Чёрный,13.511
78,Колесо,Екатеринбург,Красный,17.745
79,Шина,Новгород,Зелёный,13.83
80,﻿Гайка,Самара,Белый,1.354
81,Болт,Казань,Жёлтый,0.617
82,Ремень,Омск,Синий,1.109
83,Леска,Челябинск,Серый,1.794
84,Отвёртка,Ростов-на-Дону,Чёрный,1.1059999999999999
85,Верёвка,Уфа,Красный,0.20199999999999999
86,Труба,Волгоград,Зелёный,11.304
87,Радиатор,Пермь,Белый,16.675
88,Кожух,Красноярск,Жёлтый,14.269
89,Шуруп,Воронеж,Синий,0.774
90,Гвоздь,Саратов,Серый,1.254
91,Стальной лист,Краснодар,Чёрный,14.880999999999998
92,Ручка,Тольятти,Красный,0.24600000000000002
93,Поручень,Ижевск,Зелёный,15.915
94,Колесо,Барнаул,Белый,13.252
95,Шина,Ульяновск,Жёлтый,10.18
96,﻿Гайка,Тюмень,Синий,0.851
97,Болт,Иркутск,Серый,0.18899999999999997
98,Ремень,Владивосток,Чёрный,1.5930000000000002
99,Леска,Ярославль,Красный,0.943
100,Отвёртка,﻿Москва,Зелёный,0.976
101,Верёвка,Санкт-Петербург,Белый,0.615
102,Труба,Новосибирск,Жёлтый,10.092
103,Радиатор,Екатеринбург,Синий,12.917
104,Кожух,Новгород,Серый,19.342
105,Шуруп,Самара,Чёрный,0.8959999999999999
106,Гвоздь,Казань,Красный,0.843
107,Стальной лист,Омск,Зелёный,11.308
108,Ручка,Челябинск,Белый,1.7069999999999999
109,Поручень,Ростов-на-Дону,Жёлтый,15.523
110,Колесо,Уфа,Синий,14.75
111,Шина,Волгоград,Серый,11.045
112,﻿Гайка,Пермь,Чёрный,0.321
113,Болт,Красноярск,Красный,1.415
114,Ремень,Воронеж,Зелёный,0.945
115,Леска,Саратов,Белый,1.227
116,Отвёртка,Краснодар,Жёлтый,0.965
117,Верёвка,Тольятти,Синий,1.609
118,Труба,Ижевск,Серый,17.272000000000002
119,Радиатор,Барнаул,Чёрный,10.255999999999998
121,Шуруп,Тюмень,Зелёный,0.29
122,Гвоздь,Иркутск,Белый,0.9690000000000001
123,Стальной лист,Владивосток,Жёлтый,18.212
124,Ручка,Ярославль,Синий,0.9790000000000001
125,Поручень,﻿Москва,Серый,17.074
126,Колесо,Санкт-Петербург,Чёрный,12.875
127,Шина,Новосибирск,Красный,17.429000000000002
128,﻿Гайка,Екатеринбург,Зелёный,1.449
129,Болт,Новгород,Белый,0.728
130,Ремень,Самара,Жёлтый,1.2
131,Леска,Казань,Синий,1.9340000000000002
132,Отвёртка,Омск,Серый,1.561
133,Верёвка,Челябинск,Чёрный,1.228
134,Труба,Ростов-на-Дону,Красный,14.277999999999999
135,Радиатор,Уфа,Зелёный,19.574
136,Кожух,Волгоград,Белый,19.081
137,Шуруп,Пермь,Жёлтый,1.135
138,Гвоздь,Красноярск,Синий,1.629
139,Стальной лист,Воронеж,Серый,11.638
140,Ручка,Саратов,Чёрный,0.653
141,Поручень,Краснодар,Красный,16.669
142,Колесо,Тольятти,Зелёный,16.889
143,Шина,Ижевск,Белый,17.093
144,﻿Гайка,Барнаул,Жёлтый,1.454
145,Болт,Ульяновск,Синий,0.23
146,Ремень,Тюмень,Серый,0.496
147,Леска,Иркутск,Чёрный,0.985
148,Отвёртка,Владивосток,Красный,1.9980000000000002
149,Верёвка,Ярославль,Зелёный,1.2209999999999999
150,Труба,﻿Москва,Белый,16.969
151,Радиатор,Санкт-Петербург,Жёлтый,18.363
152,Кожух,Новосибирск,Синий,19.340999999999998
153,Шуруп,Екатеринбург,Серый,0.526
154,Гвоздь,Новгород,Чёрный,1.163
155,Стальной лист,Самара,Красный,13.065999999999999
156,Ручка,Казань,Зелёный,0.8809999999999999
157,Поручень,Омск,Белый,15.045
158,Колесо,Челябинск,Жёлтый,19.756
159,Шина,Ростов-на-Дону,Синий,18.912
160,﻿Гайка,Уфа,Серый,1.281
161,Болт,Волгоград,Чёрный,0.909
162,Ремень,Пермь,Красный,0.33399999999999996
163,Леска,Красноярск,Зелёный,0.115
164,Отвёртка,Воронеж,Белый,1.506
165,Верёвка,Саратов,Жёлтый,0.307
166,Труба,Краснодар,Синий,18.157
167,Радиатор,Тольятти,Серый,19.015
168,Кожух,Ижевск,Чёрный,17.688
169,Шуруп,Барнаул,Красный,0.317
170,Гвоздь,Ульяновск,Зелёный,1.7369999999999999
171,Стальной лист,Тюмень,Белый,18.625
172,Ручка,Иркутск,Жёлтый,0.21600000000000003
173,Поручень,Владивосток,Синий,17.433
174,Колесо,Ярославль,Серый,10.577
175,Шина,﻿Москва,Чёрный,17.073
176,﻿Гайка,Санкт-Петербург,Красный,1.3780000000000001
177,Болт,Новосибирск,Зелёный,0.48200000000000004
178,Ремень,Екатеринбург,Белый,1.1909999999999998
179,Леска,Новгород,Жёлтый,1.444
180,Отвёртка,Самара,Синий,7.27245088161209
181,Верёвка,Казань,Серый,0.26
182,Труба,Омск,Чёрный,15.280999999999999
183,Радиатор,Челябинск,Красный,15.578
184,Кожух,Ростов-на-Дону,Зелёный,10.071
185,Шуруп,Уфа,Белый,1.861
186,Гвоздь,Волгоград,Жёлтый,1.8030000000000002
187,Стальной лист,Пермь,Синий,18.162
188,Ручка,Красноярск,Серый,1.173
189,Поручень,Воронеж,Чёрный,17.67
190,Колесо,Саратов,Красный,16.1
191,Шина,Краснодар,Зелёный,12.520999999999999
192,﻿Гайка,Тольятти,Белый,1.8719999999999999
193,Болт,Ижевск,Жёлтый,0.9229999999999999
194,Ремень,Барнаул,Синий,1.189
195,Леска,Ульяновск,Серый,1.273
196,Отвёртка,Тюмень,Чёрный,1.649
197,Верёвка,Иркутск,Красный,1.945
198,Труба,Владивосток,Зелёный,12.317
199,Радиатор,Ярославль,Белый,17.724
200,Кожух,﻿Москва,Жёлтый,19.368
201,Шуруп,Санкт-Петербург,Синий,0.789
202,Гвоздь,Новосибирск,Серый,1.972
203,Стальной лист,Екатеринбург,Чёрный,10.918
204,Ручка,Новгород,Красный,0.165
205,Поручень,Самара,Зелёный,16.287
206,Колесо,Казань,Белый,15.663
207,Шина,Омск,Жёлтый,19.017
208,﻿Гайка,Челябинск,Синий,0.5770000000000001
209,Болт,Ростов-на-Дону,Серый,0.441
210,Ремень,Уфа,Чёрный,0.905
211,Леска,Волгоград,Красный,0.588
212,Отвёртка,Пермь,Зелёный,1.3130000000000002
213,Верёвка,Красноярск,Белый,0.5579999999999999
214,Труба,Воронеж,Жёлтый,17.840999999999998
215,Радиатор,Саратов,Синий,15.081
216,Кожух,Краснодар,Серый,16.999000000000002
217,Шуруп,Тольятти,Чёрный,0.992
218,Гвоздь,Ижевск,Красный,1.693
219,Стальной лист,Барнаул,Зелёный,18.589000000000002
220,Ручка,Ульяновск,Белый,1.579
221,Поручень,Тюмень,Жёлтый,17.046
222,Колесо,Иркутск,Синий,12.419
223,Шина,Владивосток,Серый,19.848
224,﻿Гайка,Ярославль,Чёрный,1.594
225,Болт,﻿Москва,Красный,1.3659999999999999
226,Ремень,Санкт-Петербург,Зелёный,0.20800000000000002
227,Леска,Новосибирск,Белый,0.36
228,Отвёртка,Екатеринбург,Жёлтый,1.183
229,Верёвка,Новгород,Синий,0.674
230,Труба,Самара,Серый,16.254
231,Радиатор,Казань,Чёрный,19.762
232,Кожух,Омск,Красный,18.965
233,Шуруп,Челябинск,Зелёный,1.585
234,Гвоздь,Ростов-на-Дону,Белый,1.95
235,Стальной лист,Уфа,Жёлтый,19.462
236,Ручка,Волгоград,Синий,1.5330000000000001
237,Поручень,Пермь,Серый,15.714
238,Колесо,Красноярск,Чёрный,13.517999999999999
239,Шина,Воронеж,Красный,12.118
241,Болт,Краснодар,Белый,0.8140000000000001
242,Ремень,Тольятти,Жёлтый,1.31
243,Леска,Ижевск,Синий,0.875
244,Отвёртка,Барнаул,Серый,1.023
245,Верёвка,Ульяновск,Чёрный,0.857
246,Труба,Тюмень,Красный,10.892999999999999
247,Радиатор,Иркутск,Зелёный,16.147000000000002
248,Кожух,Владивосток,Белый,16.542
249,Шуруп,Ярославль,Жёлтый,1.17
250,Гвоздь,﻿Москва,Синий,1.5019999999999998
251,Стальной лист,Санкт-Петербург,Серый,14.3
252,Ручка,Новосибирск,Чёрный,1.459
253,Поручень,Екатеринбург,Красный,17.54
254,Колесо,Новгород,Зелёный,17.121
255,Шина,Самара,Белый,19.808
256,﻿Гайка,Казань,Жёлтый,1.831
257,Болт,Омск,Синий,0.6859999999999999
258,Ремень,Челябинск,Серый,0.977
259,Леска,Ростов-на-Дону,Чёрный,0.905
260,Отвёртка,Уфа,Красный,0.6509999999999999
261,Верёвка,Волгоград,Зелёный,1.247
262,Труба,Пермь,Белый,18.000999999999998
263,Радиатор,Красноярск,Жёлтый,15.977
264,Кожух,Воронеж,Синий,11.835999999999999
265,Шуруп,Саратов,Серый,1.5859999999999999
266,Гвоздь,Краснодар,Чёрный,1.3090000000000002
267,Стальной лист,Тольятти,Красный,10.652000000000001
268,Ручка,Ижевск,Зелёный,1.084
269,Поручень,Барнаул,Белый,16.500999999999998
270,Колесо,Ульяновск,Жёлтый,18.875
271,Шина,Тюмень,Синий,13.084000000000001
272,﻿Гайка,Иркутск,Серый,0.575
273,Болт,Владивосток,Чёрный,1.273
274,Ремень,Ярославль,Красный,1.287
275,Леска,﻿Москва,Зелёный,0.18899999999999997
276,Отвёртка,Санкт-Петербург,Белый,1.351
277,Верёвка,Новосибирск,Жёлтый,0.10300000000000001
278,Труба,Екатеринбург,Синий,16.537
279,Радиатор,Новгород,Серый,16.27
280,Кожух,Самара,Чёрный,19.725
281,Шуруп,Казань,Красный,1.151
282,Гвоздь,Омск,Зелёный,0.25
283,Стальной лист,Челябинск,Белый,19.164
284,Ручка,Ростов-на-Дону,Жёлтый,0.6629999999999999
285,Поручень,Уфа,Синий,15.645
286,Колесо,Волгоград,Серый,16.273
287,Шина,Пермь,Чёрный,18.135
288,﻿Гайка,Красноярск,Красный,1.111
289,Болт,Воронеж,Зелёный,1.8880000000000001
290,Ремень,Саратов,Белый,0.905
291,Леска,Краснодар,Жёлтый,0.557
292,Отвёртка,Тольятти,Синий,1.024
293,Верёвка,Ижевск,Серый,1.839
294,Труба,Барнаул,Чёрный,11.72
295,Радиатор,Ульяновск,Красный,18.15
296,Кожух,Тюмень,Зелёный,13.119000000000002
297,Шуруп,Иркутск,Белый,0.688
298,Гвоздь,Владивосток,Жёлтый,1.175
299,Стальной лист,Ярославль,Синий,11.34
301,Поручень,Санкт-Петербург,Чёрный,14.599
302,Колесо,Новосибирск,Красный,12.822000000000001
303,Шина,Екатеринбург,Зелёный,13.833
304,﻿Гайка,Новгород,Белый,0.644
305,Болт,Самара,Жёлтый,0.511
306,Ремень,Казань,Синий,0.373
307,Леска,Омск,Серый,1.814
308,Отвёртка,Челябинск,Чёрный,1.183
309,Верёвка,Ростов-на-Дону,Красный,1.443
310,Труба,Уфа,Зелёный,10.612
311,Радиатор,Волгоград,Белый,12.972999999999999
312,Кожух,Пермь,Жёлтый,14.417
313,Шуруп,Красноярск,Синий,1.625
314,Гвоздь,Воронеж,Серый,0.309
315,Стальной лист,Саратов,Чёрный,19.672
316,Ручка,Краснодар,Красный,1.255
317,Поручень,Тольятти,Зелёный,17.891
318,Колесо,Ижевск,Белый,13.552999999999999
319,Шина,Барнаул,Жёлтый,13.940999999999999
320,﻿Гайка,Ульяновск,Синий,0.20199999999999999
321,Болт,Тюмень,Серый,0.256
322,Ремень,Иркутск,Чёрный,1.3730000000000002
323,Леска,Владивосток,Красный,0.846
324,Отвёртка,Ярославль,Зелёный,0.631
325,Верёвка,﻿Москва,Белый,1.835
326,Труба,Санкт-Петербург,Жёлтый,13.668
327,Радиатор,Новосибирск,Синий,10.425999999999998
328,Кожух,Екатеринбург,Серый,13.023
329,Шуруп,Новгород,Чёрный,0.259
330,Гвоздь,Самара,Красный,1.042
331,Стальной лист,Казань,Зелёный,16.166
332,Ручка,Омск,Белый,1.0090000000000001
333,Поручень,Челябинск,Жёлтый,11.64
334,Колесо,Ростов-на-Дону,Синий,18.907
335,Шина,Уфа,Серый,12.762
336,﻿Гайка,Волгоград,Чёрный,0.5479999999999999
337,Болт,Пермь,Красный,1.311
338,Ремень,Красноярск,Зелёный,0.268
339,Леска,Воронеж,Белый,1.238
340,Отвёртка,Саратов,Жёлтый,0.149
341,Верёвка,Краснодар,Синий,0.51
342,Труба,Тольятти,Серый,14.673
343,Радиатор,Ижевск,Чёрный,14.54
344,Кожух,Барнаул,Красный,18.262999999999998
345,Шуруп,Ульяновск,Зелёный,1.225
346,Гвоздь,Тюмень,Белый,1.652
347,Стальной лист,Иркутск,Жёлтый,13.873
348,Ручка,Владивосток,Синий,1.053
349,Поручень,Ярославль,Серый,13.099
350,Колесо,﻿Москва,Чёрный,11.862
351,Шина,Санкт-Петербург,Красный,19.778
352,﻿Гайка,Новосибирск,Зелёный,1.1840000000000002
353,Болт,Екатеринбург,Белый,1.2819999999999998
354,Ремень,Новгород,Жёлтый,0.287
355,Леска,Самара,Синий,1.496
356,Отвёртка,Казань,Серый,1.921
357,Верёвка,Омск,Чёрный,1.391
358,Труба,Челябинск,Красный,19.636
359,Радиатор,Ростов-на-Дону,Зелёный,12.282
361,Шуруп,Волгоград,Жёлтый,1.564
362,Гвоздь,Пермь,Синий,0.299
363,Стальной лист,Красноярск,Серый,13.703
364,Ручка,Воронеж,Чёрный,0.469
365,Поручень,Саратов,Красный,19.764
366,Колесо,Краснодар,Зелёный,13.388
367,Шина,Тольятти,Белый,15.255
368,﻿Гайка,Ижевск,Жёлтый,1.3019999999999998
369,Болт,Барнаул,Синий,0.318
370,Ремень,Ульяновск,Серый,0.331
371,Леска,Тюмень,Чёрный,1.5019999999999998
372,Отвёртка,Иркутск,Красный,0.9540000000000001
373,Верёвка,Владивосток,Зелёный,1.4340000000000002
374,Труба,Ярославль,Белый,17.749000000000002
375,Радиатор,﻿Москва,Жёлтый,16.364
376,Кожух,Санкт-Петербург,Синий,10.328
377,Шуруп,Новосибирск,Серый,0.305
378,Гвоздь,Екатеринбург,Чёрный,1.662
379,Стальной лист,Новгород,Красный,19.840999999999998
380,Ручка,Самара,Зелёный,1.7590000000000001
381,Поручень,Казань,Белый,17.594
382,Колесо,Омск,Жёлтый,11.292
383,Шина,Челябинск,Синий,19.899
384,﻿Гайка,Ростов-на-Дону,Серый,1.5219999999999998
385,Болт,Уфа,Чёрный,1.54
386,Ремень,Волгоград,Красный,0.922
387,Леска,Пермь,Зелёный,1.4509999999999998
388,Отвёртка,Красноярск,Белый,0.6990000000000001
389,Верёвка,Воронеж,Жёлтый,0.639
390,Труба,Саратов,Синий,19.867
391,Радиатор,Краснодар,Серый,10.051
392,Кожух,Тольятти,Чёрный,19.73
393,Шуруп,Ижевск,Красный,1.815
394,Гвоздь,Барнаул,Зелёный,0.192
395,Стальной лист,Ульяновск,Белый,17.515
396,Ручка,Тюмень,Жёлтый,0.305
397,Поручень,Иркутск,Синий,11.169
398,Колесо,Владивосток,Серый,18.932000000000002
399,Шина,Ярославль,Чёрный,16.77
400,﻿Гайка,﻿Москва,Красный,1.9240000000000002
401,Болт,Санкт-Петербург,Зелёный,0.359
402,Ремень,Новосибирск,Белый,1.86
403,Леска,Екатеринбург,Жёлтый,0.97
404,Отвёртка,Новгород,Синий,0.19899999999999998
405,Верёвка,Самара,Серый,0.562
406,Труба,Казань,Чёрный,15.982999999999999
407,Радиатор,Омск,Красный,14.325
408,Кожух,Челябинск,Зелёный,16.148
409,Шуруп,Ростов-на-Дону,Белый,1.105
410,Гвоздь,Уфа,Жёлтый,1.974
411,Стальной лист,Волгоград,Синий,18.827
412,Ручка,Пермь,Серый,0.201
413,Поручень,Красноярск,Чёрный,10.905999999999999
414,Колесо,Воронеж,Красный,16.764
415,Шина,Саратов,Зелёный,14.959000000000001
416,﻿Гайка,Краснодар,Белый,1.4369999999999998
417,Болт,Тольятти,Жёлтый,1.7169999999999999
418,Ремень,Ижевск,Синий,0.586
419,Леска,Барнаул,Серый,1.814
421,Верёвка,Тюмень,Красный,0.882
422,Труба,Иркутск,Зелёный,13.758
423,Радиатор,Владивосток,Белый,13.120999999999999
424,Кожух,Ярославль,Жёлтый,12.684000000000001
425,Шуруп,﻿Москва,Синий,0.845
426,Гвоздь,Санкт-Петербург,Серый,0.825
427,Стальной лист,Новосибирск,Чёрный,16.302
428,Ручка,Екатеринбург,Красный,0.413
429,Поручень,Новгород,Зелёный,15.987
430,Колесо,Самара,Белый,11.450999999999999
431,Шина,Казань,Жёлтый,12.605
432,﻿Гайка,Омск,Синий,1.764
433,Болт,Челябинск,Серый,1.258
434,Ремень,Ростов-на-Дону,Чёрный,1.794
435,Леска,Уфа,Красный,0.243
436,Отвёртка,Волгоград,Зелёный,0.541
437,Верёвка,Пермь,Белый,1.7530000000000001
438,Труба,Красноярск,Жёлтый,10.507
439,Радиатор,Воронеж,Синий,13.77
440,Кожух,Саратов,Серый,10.429
441,Шуруп,Краснодар,Чёрный,1.733
442,Гвоздь,Тольятти,Красный,1.8319999999999999
443,Стальной лист,Ижевск,Зелёный,18.333
444,Ручка,Барнаул,Белый,1.676
445,Поручень,Ульяновск,Жёлтый,10.696
446,Колесо,Тюмень,Синий,19.955
447,Шина,Иркутск,Серый,17.199
448,﻿Гайка,Владивосток,Чёрный,1.659
449,Болт,Ярославль,Красный,1.705
450,Ремень,﻿Москва,Зелёный,0.419
451,Леска,Санкт-Петербург,Белый,0.265
452,Отвёртка,Новосибирск,Жёлтый,0.716
453,Верёвка,Екатеринбург,Синий,0.7340000000000001
454,Труба,Новгород,Серый,15.869000000000002
455,Радиатор,Самара,Чёрный,18.585
456,Кожух,Казань,Красный,19.872
457,Шуруп,Омск,Зелёный,0.276
458,Гвоздь,Челябинск,Белый,1.091
459,Стальной лист,Ростов-на-Дону,Жёлтый,12.946
460,Ручка,Уфа,Синий,1.0490000000000002
461,Поручень,Волгоград,Серый,10.970999999999998
462,Колесо,Пермь,Чёрный,19.655
463,Шина,Красноярск,Красный,19.558
464,﻿Гайка,Воронеж,Зелёный,1.1420000000000001
465,Болт,Саратов,Белый,1.222
466,Ремень,Краснодар,Жёлтый,1.107
467,Леска,Тольятти,Синий,0.336
468,Отвёртка,Ижевск,Серый,0.759
469,Верёвка,Барнаул,Чёрный,1.2770000000000001
470,Труба,Ульяновск,Красный,18.723
471,Радиатор,Тюмень,Зелёный,19.631
472,Кожух,Иркутск,Белый,18.794
473,Шуруп,Владивосток,Жёлтый,1.071
474,Гвоздь,Ярославль,Синий,1.656
475,Стальной лист,﻿Москва,Серый,17.567
476,Ручка,Санкт-Петербург,Чёрный,0.745
477,Поручень,Новосибирск,Красный,14.880999999999998
478,Колесо,Екатеринбург,Зелёный,12.214
479,Шина,Новгород,Белый,11.455
481,Болт,Казань,Синий,0.511
482,Ремень,Омск,Серый,1.212
483,Леска,Челябинск,Чёрный,1.141
484,Отвёртка,Ростов-на-Дону,Красный,0.23
485,Верёвка,Уфа,Зелёный,1.645
486,Труба,Волгоград,Белый,17.389
487,Радиатор,Пермь,Жёлтый,17.932000000000002
488,Кожух,Красноярск,Синий,11.589
489,Шуруп,Воронеж,Серый,0.201
490,Гвоздь,Саратов,Чёрный,0.693
491,Стальной лист,Краснодар,Красный,14.318
492,Ручка,Тольятти,Зелёный,0.198
493,Поручень,Ижевск,Белый,12.232999999999999
494,Колесо,Барнаул,Жёлтый,16.749000000000002
495,Шина,Ульяновск,Синий,13.036
496,﻿Гайка,Тюмень,Серый,0.24600000000000002
497,Болт,Иркутск,Чёрный,0.5
498,Ремень,Владивосток,Красный,0.16
499,Леска,Ярославль,Зелёный,0.282
500,Отвёртка,﻿Москва,Белый,0.314
501,Верёвка,Санкт-Петербург,Жёлтый,0.9079999999999999
502,Труба,Новосибирск,Синий,16.194000000000003
503,Радиатор,Екатеринбург,Серый,19.933
504,Кожух,Новгород,Чёрный,13.790999999999999
505,Шуруп,Самара,Красный,1.199
506,Гвоздь,Казань,Зелёный,1.621
507,Стальной лист,Омск,Белый,18.432000000000002
508,Ручка,Челябинск,Жёлтый,1.965
509,Поручень,Ростов-на-Дону,Синий,19.415
510,Колесо,Уфа,Серый,10.567
511,Шина,Волгоград,Чёрный,17.554000000000002
512,﻿Гайка,Пермь,Красный,0.5720000000000001
513,Болт,Красноярск,Зелёный,0.546
514,Ремень,Воронеж,Белый,1.518
515,Леска,Саратов,Жёлтый,1.641
516,Отвёртка,Краснодар,Синий,0.414
517,Верёвка,Тольятти,Серый,0.721
518,Труба,Ижевск,Чёрный,10.079
519,Радиатор,Барнаул,Красный,13.442
520,Кожух,Ульяновск,Зелёный,16.445
521,Шуруп,Тюмень,Белый,0.991
522,Гвоздь,Иркутск,Жёлтый,1.281
523,Стальной лист,Владивосток,Синий,12.290999999999999
524,Ручка,Ярославль,Серый,1.65
525,Поручень,﻿Москва,Чёрный,18.165
526,Колесо,Санкт-Петербург,Красный,18.711
527,Шина,Новосибирск,Зелёный,14.220999999999998
528,﻿Гайка,Екатеринбург,Белый,0.128
529,Болт,Новгород,Жёлтый,1.074
530,Ремень,Самара,Синий,0.557
531,Леска,Казань,Серый,0.9990000000000001
532,Отвёртка,Омск,Чёрный,1.4509999999999998
533,Верёвка,Челябинск,Красный,0.893
534,Труба,Ростов-на-Дону,Зелёный,11.540999999999999
535,Радиатор,Уфа,Белый,19.051
536,Кожух,Волгоград,Жёлтый,14.934000000000001
537,Шуруп,Пермь,Синий,0.978
538,Гвоздь,Красноярск,Серый,0.42
539,Стальной лист,Воронеж,Чёрный,10.435
540,Ручка,Саратов,Красный,7.27245088161209
541,Поручень,Краснодар,Зелёный,17.122
542,Колесо,Тольятти,Белый,11.114
543,Шина,Ижевск,Жёлтый,19.093
544,﻿Гайка,Барнаул,Синий,1.849
545,Болт,Ульяновск,Серый,1.984
546,Ремень,Тюмень,Чёрный,1.6680000000000001
547,Леска,Иркутск,Красный,0.301
548,Отвёртка,Владивосток,Зелёный,1.405
549,Верёвка,Ярославль,Белый,1.9369999999999998
550,Труба,﻿Москва,Жёлтый,16.826
551,Радиатор,Санкт-Петербург,Синий,13.073
552,Кожух,Новосибирск,Серый,16.915
553,Шуруп,Екатеринбург,Чёрный,1.804
554,Гвоздь,Новгород,Красный,0.875
555,Стальной лист,Самара,Зелёный,12.242
556,Ручка,Казань,Белый,0.37
557,Поручень,Омск,Жёлтый,18.14
558,Колесо,Челябинск,Синий,11.890999999999998
559,Шина,Ростов-на-Дону,Серый,15.725999999999999
560,﻿Гайка,Уфа,Чёрный,1.284
561,Болт,Волгоград,Красный,1.537
562,Ремень,Пермь,Зелёный,0.6809999999999999
563,Леска,Красноярск,Белый,1.075
564,Отвёртка,Воронеж,Жёлтый,1.53
565,Верёвка,Саратов,Синий,0.569
566,Труба,Краснодар,Серый,13.673
567,Радиатор,Тольятти,Чёрный,15.13
568,Кожух,Ижевск,Красный,10.372
569,Шуруп,Барнаул,Зелёный,0.54
570,Гвоздь,Ульяновск,Белый,1.368
571,Стальной лист,Тюмень,Жёлтый,18.344
572,Ручка,Иркутск,Синий,0.316
573,Поручень,Владивосток,Серый,18.425
574,Колесо,Ярославль,Чёрный,11.39
575,Шина,﻿Москва,Красный,13.991
576,﻿Гайка,Санкт-Петербург,Зелёный,1.355
577,Болт,Новосибирск,Белый,0.308
578,Ремень,Екатеринбург,Жёлтый,1.4280000000000002
579,Леска,Новгород,Синий,0.42700000000000005
580,Отвёртка,Самара,Серый,1.9
581,Верёвка,Казань,Чёрный,1.335
582,Труба,Омск,Красный,15.242
583,Радиатор,Челябинск,Зелёный,16.19
584,Кожух,Ростов-на-Дону,Белый,11.744000000000002
585,Шуруп,Уфа,Жёлтый,0.452
586,Гвоздь,Волгоград,Синий,1.423
587,Стальной лист,Пермь,Серый,12.145
588,Ручка,Красноярск,Чёрный,0.515
589,Поручень,Воронеж,Красный,11.299000000000001
590,Колесо,Саратов,Зелёный,10.322000000000001
591,Шина,Краснодар,Белый,19.637
592,﻿Гайка,Тольятти,Жёлтый,0.25
593,Болт,Ижевск,Синий,1.193
594,Ремень,Барнаул,Серый,0.29
595,Леска,Ульяновск,Чёрный,1.569
596,Отвёртка,Тюмень,Красный,0.8959999999999999
597,Верёвка,Иркутск,Зелёный,1.334
598,Труба,Владивосток,Белый,12.958
599,Радиатор,Ярославль,Жёлтый,10.57
600,Кожух,Челябинск,Синий,12.194
601,Шуруп,Санкт-Петербург,Серый,1.006
602,Гвоздь,Новосибирск,Чёрный,1.8230000000000002
603,Стальной лист,Екатеринбург,Красный,11.225999999999999
604,Ручка,Новгород,Зелёный,1.088
605,Поручень,Самара,Белый,14.368
606,Колесо,Казань,Жёлтый,18.71
607,Шина,Омск,Синий,10.117
608,﻿Гайка,Челябинск,Серый,0.659
609,Болт,Ростов-на-Дону,Чёрный,0.993
610,Ремень,Уфа,Красный,0.214
611,Леска,Волгоград,Зелёный,1.5030000000000001
612,Отвёртка,Пермь,Белый,1.771
613,Верёвка,Красноярск,Жёлтый,1.238
614,Труба,Воронеж,Синий,14.091
615,Радиатор,Саратов,Серый,14.104000000000001
616,Кожух,Краснодар,Чёрный,12.693
617,Шуруп,Тольятти,Красный,0.294
618,Гвоздь,Ижевск,Зелёный,0.253
619,Стальной лист,Барнаул,Белый,16.583
620,Ручка,Ульяновск,Жёлтый,0.6
621,Поручень,Тюмень,Синий,13.687000000000001
622,Колесо,Иркутск,Серый,11.777000000000001
623,Шина,Владивосток,Чёрный,11.802999999999999
624,﻿Гайка,Ярославль,Красный,0.7440000000000001
625,Болт,﻿Москва,Зелёный,0.158
626,Ремень,Санкт-Петербург,Белый,0.647
627,Леска,Новосибирск,Жёлтый,0.38
628,Отвёртка,Екатеринбург,Синий,0.629
629,Верёвка,Новгород,Серый,0.376
630,Труба,Самара,Чёрный,11.657
631,Радиатор,Казань,Красный,15.66
632,Кожух,Омск,Зелёный,17.798
633,Шуруп,Челябинск,Белый,1.63
634,Гвоздь,Ростов-на-Дону,Жёлтый,0.648
635,Стальной лист,Уфа,Синий,18.87
636,Ручка,Волгоград,Серый,0.183
637,Поручень,Пермь,Чёрный,12.828
638,Колесо,Красноярск,Красный,11.914000000000001
639,Шина,Воронеж,Зелёный,19.025
640,﻿Гайка,Саратов,Белый,1.3030000000000002
641,Болт,Краснодар,Жёлтый,1.983
642,Ремень,Тольятти,Синий,1.681
643,Леска,Ижевск,Серый,0.309
644,Отвёртка,Барнаул,Чёрный,0.8009999999999999
645,Верёвка,Ульяновск,Красный,1.768
646,Труба,Тюмень,Зелёный,15.628
647,Радиатор,Иркутск,Белый,18.977
648,Кожух,Владивосток,Жёлтый,19.232
649,Шуруп,Ярославль,Синий,0.215
650,Гвоздь,﻿Москва,Серый,1.207
651,Стальной лист,Санкт-Петербург,Чёрный,13.293
652,Ручка,Новосибирск,Красный,1.273
653,Поручень,Екатеринбург,Зелёный,15.562000000000001
654,Колесо,Новгород,Белый,13.782
655,Шина,Самара,Жёлтый,10.386
656,﻿Гайка,Казань,Синий,1.087
657,Болт,Омск,Серый,0.852
658,Ремень,Челябинск,Чёрный,0.998
659,Леска,Ростов-на-Дону,Красный,0.574
660,Отвёртка,Уфа,Зелёный,7.27245088161209
661,Верёвка,Волгоград,Белый,1.306
662,Труба,Пермь,Жёлтый,16.84
663,Радиатор,Красноярск,Синий,12.16
664,Кожух,Воронеж,Серый,15.122
665,Шуруп,Саратов,Чёрный,1.6469999999999998
666,Гвоздь,Краснодар,Красный,1.169
667,Стальной лист,Тольятти,Зелёный,17.101
668,Ручка,Ижевск,Белый,0.12
669,Поручень,Барнаул,Жёлтый,14.515
670,Колесо,Ульяновск,Синий,19.082
671,Шина,Тюмень,Серый,19.474
672,﻿Гайка,Иркутск,Чёрный,0.17300000000000001
673,Болт,Владивосток,Красный,1.262
674,Ремень,Ярославль,Зелёный,0.262
675,Леска,﻿Москва,Белый,1.036
676,Отвёртка,Санкт-Петербург,Жёлтый,1.204
677,Верёвка,Новосибирск,Синий,1.617
678,Труба,Екатеринбург,Серый,11.860999999999999
679,Радиатор,Новгород,Чёрный,17.004
680,Кожух,Самара,Красный,15.722999999999999
681,Шуруп,Казань,Зелёный,1.495
682,Гвоздь,Омск,Белый,0.162
683,Стальной лист,Челябинск,Жёлтый,12.214
684,Ручка,Ростов-на-Дону,Синий,0.36200000000000004
685,Поручень,Уфа,Серый,19.146
686,Колесо,Волгоград,Чёрный,14.493
687,Шина,Пермь,Красный,15.702
688,﻿Гайка,Красноярск,Зелёный,0.805
689,Болт,Воронеж,Белый,1.876
690,Ремень,Саратов,Жёлтый,0.971
691,Леска,Краснодар,Синий,0.528
692,Отвёртка,Тольятти,Серый,0.561
693,Верёвка,Ижевск,Чёрный,1.814
694,Труба,Барнаул,Красный,12.755
695,Радиатор,Ульяновск,Зелёный,11.276
696,Кожух,Тюмень,Белый,10.812000000000001
697,Шуруп,Иркутск,Жёлтый,0.883
698,Гвоздь,Владивосток,Синий,1.906
699,Стальной лист,Ярославль,Серый,15.23
700,Ручка,﻿Москва,Чёрный,1.07
701,Поручень,Санкт-Петербург,Красный,11.8
702,Колесо,Новосибирск,Зелёный,13.155
703,Шина,Екатеринбург,Белый,19.642
704,﻿Гайка,Новгород,Жёлтый,0.7859999999999999
705,Болт,Самара,Синий,0.516
706,Ремень,Казань,Серый,1.87
707,Леска,Омск,Чёрный,0.763
708,Отвёртка,Челябинск,Красный,1.895
709,Верёвка,Ростов-на-Дону,Зелёный,1.135
710,Труба,Уфа,Белый,10.097999999999999
711,Радиатор,Волгоград,Жёлтый,14.220999999999998
712,Кожух,Пермь,Синий,12.953
713,Шуруп,Красноярск,Серый,0.6859999999999999
714,Гвоздь,Воронеж,Чёрный,0.154
715,Стальной лист,Саратов,Красный,15.844000000000001
716,Ручка,Краснодар,Зелёный,0.402
717,Поручень,Тольятти,Белый,15.689
718,Колесо,Ижевск,Жёлтый,19.65
719,Шина,Барнаул,Синий,10.534
721,Болт,Тюмень,Чёрный,1.298
722,Ремень,Иркутск,Красный,1.0090000000000001
723,Леска,Владивосток,Зелёный,0.523
724,Отвёртка,Ярославль,Белый,0.7929999999999999
725,Верёвка,﻿Москва,Жёлтый,1.493
726,Труба,Санкт-Петербург,Синий,17.715999999999998
727,Радиатор,Новосибирск,Серый,19.316
728,Кожух,Екатеринбург,Чёрный,12.216
729,Шуруп,Новгород,Красный,1.765
730,Гвоздь,Самара,Зелёный,1.692
731,Стальной лист,Казань,Белый,16.311
732,Ручка,Омск,Жёлтый,1.3630000000000002
733,Поручень,Челябинск,Синий,10.922
734,Колесо,Ростов-на-Дону,Серый,17.449
735,Шина,Уфа,Чёрный,12.465
736,﻿Гайка,Волгоград,Красный,0.878
737,Болт,Пермь,Зелёный,1.518
738,Ремень,Красноярск,Белый,0.6920000000000001
739,Леска,Воронеж,Жёлтый,0.444
740,Отвёртка,Саратов,Синий,1.099
741,Верёвка,Краснодар,Серый,1.171
742,Труба,Тольятти,Чёрный,14.054
743,Радиатор,Ижевск,Красный,10.520999999999999
744,Кожух,Барнаул,Зелёный,19.737000000000002
745,Шуруп,Ульяновск,Белый,1.546
746,Гвоздь,Тюмень,Жёлтый,0.8029999999999999
747,Стальной лист,Иркутск,Синий,19.24
748,Ручка,Владивосток,Серый,0.809
749,Поручень,Ярославль,Чёрный,15.692
750,Колесо,﻿Москва,Красный,19.462
751,Шина,Санкт-Петербург,Зелёный,13.998
752,﻿Гайка,Новосибирск,Белый,0.86
753,Болт,Екатеринбург,Жёлтый,0.975
754,Ремень,Новгород,Синий,1.895
755,Леска,Самара,Серый,1.86
756,Отвёртка,Казань,Чёрный,1.8459999999999999
757,Верёвка,Омск,Красный,1.383
758,Труба,Челябинск,Зелёный,10.213
759,Радиатор,Ростов-на-Дону,Белый,14.929
760,Кожух,Уфа,Жёлтый,19.599
761,Шуруп,Волгоград,Синий,0.768
762,Гвоздь,Пермь,Серый,0.892
763,Стальной лист,Красноярск,Чёрный,14.317
764,Ручка,Воронеж,Красный,0.805
765,Поручень,Саратов,Зелёный,12.6
766,Колесо,Краснодар,Белый,11.017999999999999
767,Шина,Тольятти,Жёлтый,14.437000000000001
768,﻿Гайка,Ижевск,Синий,1.784
769,Болт,Барнаул,Серый,1.1059999999999999
770,Ремень,Ульяновск,Чёрный,0.662
771,Леска,Тюмень,Красный,1.88
772,Отвёртка,Иркутск,Зелёный,0.754
773,Верёвка,Владивосток,Белый,1.07
774,Труба,Ярославль,Жёлтый,16.730999999999998
775,Радиатор,﻿Москва,Синий,19.033
776,Кожух,Санкт-Петербург,Серый,16.256
777,Шуруп,Новосибирск,Чёрный,0.43700000000000006
778,Гвоздь,Екатеринбург,Красный,1.8530000000000002
779,Стальной лист,Новгород,Зелёный,19.680999999999997
780,Ручка,Самара,Белый,7.27245088161209
781,Поручень,Казань,Жёлтый,14.004000000000001
782,Колесо,Омск,Синий,13.158
783,Шина,Челябинск,Серый,12.196
784,﻿Гайка,Ростов-на-Дону,Чёрный,1.589
785,Болт,Уфа,Красный,0.9390000000000001
786,Ремень,Волгоград,Зелёный,1.8519999999999999
787,Леска,Пермь,Белый,1.632
788,Отвёртка,Красноярск,Жёлтый,1.01
789,Верёвка,Воронеж,Синий,0.79
790,Труба,Саратов,Серый,15.373
791,Радиатор,Краснодар,Чёрный,17.125
792,Кожух,Тольятти,Красный,15.492
793,Шуруп,Ижевск,Зелёный,0.161
794,Гвоздь,Барнаул,Белый,1.8630000000000002
795,Стальной лист,Ульяновск,Жёлтый,19.322
796,Ручка,Тюмень,Синий,1.91
797,Поручень,Иркутск,Серый,13.959000000000001
798,Колесо,Владивосток,Чёрный,10.097000000000001
799,Шина,Ярославль,Красный,15.149000000000001
800,﻿Гайка,﻿Москва,Зелёный,1.909
801,Болт,Санкт-Петербург,Белый,0.449
802,Ремень,Новосибирск,Жёлтый,0.45
803,Леска,Екатеринбург,Синий,1.2919999999999998
804,Отвёртка,Новгород,Серый,1.359
805,Верёвка,Самара,Чёрный,1.97
806,Труба,Казань,Красный,13.262
807,Радиатор,Омск,Зелёный,17.143
808,Кожух,Челябинск,Белый,18.923
809,Шуруп,Ростов-на-Дону,Жёлтый,0.835
810,Гвоздь,Уфа,Синий,0.271
811,Стальной лист,Волгоград,Серый,17.539
812,Ручка,Пермь,Чёрный,0.496
813,Поручень,Красноярск,Красный,19.359
814,Колесо,Воронеж,Зелёный,11.967
815,Шина,Саратов,Белый,17.037
816,﻿Гайка,Краснодар,Жёлтый,0.23800000000000002
817,Болт,Тольятти,Синий,1.6569999999999998
818,Ремень,Ижевск,Серый,1.192
819,Леска,Барнаул,Чёрный,0.632
820,Отвёртка,Ульяновск,Красный,0.852
821,Верёвка,Тюмень,Зелёный,1.835
822,Труба,Иркутск,Белый,17.468
823,Радиатор,Владивосток,Жёлтый,10.618
824,Кожух,Ярославль,Синий,17.827
825,Шуруп,﻿Москва,Серый,0.32
826,Гвоздь,Санкт-Петербург,Чёрный,0.507
827,Стальной лист,Новосибирск,Красный,13.569
828,Ручка,Екатеринбург,Зелёный,0.175
829,Поручень,Новгород,Белый,12.123
830,Колесо,Самара,Жёлтый,10.253
831,Шина,Казань,Синий,17.039
832,﻿Гайка,Омск,Серый,0.64
833,Болт,Челябинск,Чёрный,1.838
834,Ремень,Ростов-на-Дону,Красный,0.88
835,Леска,Уфа,Зелёный,1.6769999999999998
836,Отвёртка,Волгоград,Белый,0.7240000000000001
837,Верёвка,Пермь,Жёлтый,1.311
838,Труба,Красноярск,Синий,17.955
839,Радиатор,Воронеж,Серый,19.666
840,Кожух,Саратов,Чёрный,7.27245088161209
841,Шуруп,Краснодар,Красный,1.411
842,Гвоздь,Тольятти,Зелёный,1.224
843,Стальной лист,Ижевск,Белый,16.296
844,Ручка,Барнаул,Жёлтый,1.835
845,Поручень,Ульяновск,Синий,11.999
846,Колесо,Тюмень,Серый,10.464
847,Шина,Иркутск,Чёрный,13.165
848,﻿Гайка,Владивосток,Красный,0.7709999999999999
849,Болт,Ярославль,Зелёный,1.454
850,Ремень,﻿Москва,Белый,0.91
851,Леска,Санкт-Петербург,Жёлтый,0.925
852,Отвёртка,Новосибирск,Синий,1.3519999999999999
853,Верёвка,Екатеринбург,Серый,0.922
854,Труба,Новгород,Чёрный,16.105
855,Радиатор,Самара,Красный,16.838
856,Кожух,Казань,Зелёный,19.076
857,Шуруп,Омск,Белый,1.15
858,Гвоздь,Челябинск,Жёлтый,1.8980000000000001
859,Стальной лист,Ростов-на-Дону,Синий,12.892000000000001
860,Ручка,Уфа,Серый,1.5330000000000001
861,Поручень,Волгоград,Чёрный,17.57
862,Колесо,Пермь,Красный,14.290999999999999
863,Шина,Красноярск,Зелёный,10.277000000000001
864,﻿Гайка,Воронеж,Белый,1.507
865,Болт,Саратов,Жёлтый,0.501
866,Ремень,Краснодар,Синий,1.436
867,Леска,Тольятти,Серый,1.0390000000000001
868,Отвёртка,Ижевск,Чёрный,1.652
869,Верёвка,Барнаул,Красный,1.4140000000000001
870,Труба,Ульяновск,Зелёный,10.645999999999999
871,Радиатор,Тюмень,Белый,19.201
872,Кожух,Иркутск,Жёлтый,18.135
873,Шуруп,Владивосток,Синий,1.649
874,Гвоздь,Ярославль,Серый,0.24600000000000002
875,Стальной лист,﻿Москва,Чёрный,19.342
876,Ручка,Санкт-Петербург,Красный,0.21899999999999997
877,Поручень,Новосибирск,Зелёный,14.989
878,Колесо,Екатеринбург,Белый,13.672
879,Шина,Новгород,Жёлтый,19.187
880,﻿Гайка,Самара,Синий,1.649
881,Болт,Казань,Серый,1.475
882,Ремень,Омск,Чёрный,0.179
883,Леска,Челябинск,Красный,0.662
884,Отвёртка,Ростов-на-Дону,Зелёный,0.759
885,Верёвка,Уфа,Белый,1.065
886,Труба,Волгоград,Жёлтый,13.72
887,Радиатор,Пермь,Синий,16.609
888,Кожух,Красноярск,Серый,18.483
889,Шуруп,Воронеж,Чёрный,1.4080000000000001
890,Гвоздь,Саратов,Красный,1.8259999999999998
891,Стальной лист,Краснодар,Зелёный,18.305
892,Ручка,Тольятти,Белый,0.8270000000000001
893,Поручень,Ижевск,Жёлтый,19.45
894,Колесо,Барнаул,Синий,11.533
895,Шина,Ульяновск,Серый,14.993
896,﻿Гайка,Тюмень,Чёрный,1.875
897,Болт,Иркутск,Красный,0.313
898,Ремень,Владивосток,Зелёный,0.511
899,Леска,Ярославль,Белый,1.24
901,Верёвка,Санкт-Петербург,Синий,0.9229999999999999
902,Труба,Новосибирск,Серый,19.912
903,Радиатор,Екатеринбург,Чёрный,17.675
904,Кожух,Новгород,Красный,11.931
905,Шуруп,Самара,Зелёный,0.33399999999999996
906,Гвоздь,Казань,Белый,0.5760000000000001
907,Стальной лист,Омск,Жёлтый,10.718
908,Ручка,Челябинск,Синий,1.402
909,Поручень,Ростов-на-Дону,Серый,10.439
910,Колесо,Уфа,Чёрный,13.395999999999999
911,Шина,Волгоград,Красный,16.267
912,﻿Гайка,Пермь,Зелёный,0.83
913,Болт,Красноярск,Белый,0.688
914,Ремень,Воронеж,Жёлтый,1.0290000000000001
915,Леска,Саратов,Синий,1.5130000000000001
916,Отвёртка,Краснодар,Серый,1.778
917,Верёвка,Тольятти,Чёрный,0.324
918,Труба,Ижевск,Красный,15.372
919,Радиатор,Барнаул,Зелёный,17.035999999999998
920,Кожух,Ульяновск,Белый,13.689
921,Шуруп,Тюмень,Жёлтый,1.8219999999999998
922,Гвоздь,Иркутск,Синий,1.2990000000000002
923,Стальной лист,Владивосток,Серый,14.554
924,Ручка,Ярославль,Чёрный,1.405
925,Поручень,﻿Москва,Красный,11.152999999999999
926,Колесо,Санкт-Петербург,Зелёный,17.418
927,Шина,Новосибирск,Белый,19.192
928,﻿Гайка,Екатеринбург,Жёлтый,0.616
929,Болт,Новгород,Синий,0.7440000000000001
930,Ремень,Самара,Серый,1.368
931,Леска,Казань,Чёрный,1.9869999999999999
932,Отвёртка,Омск,Красный,1.275
933,Верёвка,Челябинск,Зелёный,0.22899999999999998
934,Труба,Ростов-на-Дону,Белый,17.595
935,Радиатор,Уфа,Жёлтый,16.872
936,Кожух,Волгоград,Синий,13.856
937,Шуруп,Пермь,Серый,0.73
938,Гвоздь,Красноярск,Чёрный,0.7290000000000001
939,Стальной лист,Воронеж,Красный,17.506
940,Ручка,Саратов,Зелёный,1.385
941,Поручень,Краснодар,Белый,19.875999999999998
942,Колесо,Тольятти,Жёлтый,11.538
943,Шина,Ижевск,Синий,14.376
944,﻿Гайка,Барнаул,Серый,0.44299999999999995
945,Болт,Ульяновск,Чёрный,0.505
946,Ремень,Тюмень,Красный,0.742
947,Леска,Иркутск,Зелёный,1.3030000000000002
948,Отвёртка,Владивосток,Белый,0.585
949,Верёвка,Ярославль,Жёлтый,1.5659999999999998
950,Труба,﻿Москва,Синий,17.285999999999998
951,Радиатор,Санкт-Петербург,Серый,11.634
952,Кожух,Новосибирск,Чёрный,10.536
953,Шуруп,Екатеринбург,Красный,0.251
954,Гвоздь,Новгород,Зелёный,1.96
955,Стальной лист,Самара,Белый,19.542
956,Ручка,Казань,Жёлтый,1.868
957,Поручень,Омск,Синий,18.102999999999998
958,Колесо,Челябинск,Серый,12.077
959,Шина,Ростов-на-Дону,Чёрный,13.819
960,﻿Гайка,Краснодар,Красный,1.673
961,Болт,Волгоград,Зелёный,0.763
962,Ремень,Пермь,Белый,1.3780000000000001
963,Леска,Красноярск,Жёлтый,0.45299999999999996
964,Отвёртка,Воронеж,Синий,0.534
965,Верёвка,Саратов,Серый,1.6130000000000002
966,Труба,Краснодар,Чёрный,18.676
967,Радиатор,Тольятти,Красный,17.516
968,Кожух,Ижевск,Зелёный,16.689
969,Шуруп,Барнаул,Белый,0.49
970,Гвоздь,Ульяновск,Жёлтый,0.669
971,Стальной лист,Тюмень,Синий,12.727
972,Ручка,Иркутск,Серый,1.694
973,Поручень,Владивосток,Чёрный,18.407
974,Колесо,Ярославль,Красный,19.796
975,Шина,﻿Москва,Зелёный,10.668
976,﻿Гайка,Санкт-Петербург,Белый,1.311
977,Болт,Новосибирск,Жёлтый,0.965
978,Ремень,Екатеринбург,Синий,0.664
979,Леска,Новгород,Серый,0.682
980,Отвёртка,Самара,Чёрный,0.33799999999999997
981,Верёвка,Казань,Красный,0.35200000000000004
982,Труба,Омск,Зелёный,13.294
983,Радиатор,Челябинск,Белый,13.502
984,Кожух,Ростов-на-Дону,Жёлтый,15.561
985,Шуруп,Уфа,Синий,1.041
986,Гвоздь,Волгоград,Серый,0.387
987,Стальной лист,Пермь,Чёрный,12.702
988,Ручка,Красноярск,Красный,0.657
989,Поручень,Воронеж,Зелёный,14.789000000000001
990,Колесо,Саратов,Белый,15.877
991,Шина,Краснодар,Жёлтый,16.028
992,﻿Гайка,Тольятти,Синий,0.7929999999999999
993,Болт,Ижевск,Серый,1.5519999999999998
994,Ремень,Барнаул,Чёрный,1.996
995,Леска,Ульяновск,Красный,1.125
996,Отвёртка,Тюмень,Зелёный,1.881
997,Верёвка,Иркутск,Белый,1.9880000000000002
998,Труба,Владивосток,Жёлтый,15.620999999999999
999,Радиатор,Ярославль,Синий,12.911
1000,Кожух,﻿Москва,Серый,10.684000000000001
1001,Шуруп,Санкт-Петербург,Чёрный,0.153
1002,Гвоздь,Новосибирск,Красный,0.455
1003,Стальной лист,Екатеринбург,Зелёный,13.844000000000001
1004,Ручка,Новгород,Белый,1.275
1005,Поручень,Самара,Жёлтый,19.465999999999998
1006,Колесо,Казань,Синий,18.425
1007,Шина,Омск,Серый,18.879
1008,﻿Гайка,Челябинск,Чёрный,1.739
1009,Болт,Ростов-на-Дону,Красный,0.302
1010,Ремень,Уфа,Зелёный,1.78
1011,Леска,Волгоград,Белый,1.6840000000000002
1012,Отвёртка,Пермь,Жёлтый,1.8659999999999999
1013,Верёвка,Красноярск,Синий,0.527
1014,Труба,Воронеж,Серый,11.582
1015,Радиатор,Саратов,Чёрный,19.408
1016,Кожух,Краснодар,Красный,14.934000000000001
1017,Шуруп,Тольятти,Зелёный,0.747
1018,Гвоздь,Ижевск,Белый,1.9609999999999999
1019,Стальной лист,Барнаул,Жёлтый,18.585
1021,Поручень,Тюмень,Серый,19.714000000000002
1022,Колесо,Иркутск,Чёрный,10.234
1023,Шина,Владивосток,Красный,13.600999999999999
1024,﻿Гайка,Ярославль,Зелёный,0.484
1025,Болт,﻿Москва,Белый,0.299
1026,Ремень,Санкт-Петербург,Жёлтый,0.534
1027,Леска,Новосибирск,Синий,1.825
1028,Отвёртка,Екатеринбург,Серый,0.141
1029,Верёвка,Новгород,Чёрный,0.284
1030,Труба,Самара,Красный,16.076
1031,Радиатор,Казань,Зелёный,18.426
1032,Кожух,Омск,Белый,13.331
1033,Шуруп,Челябинск,Жёлтый,1.505
1034,Гвоздь,Ростов-на-Дону,Синий,1.545
1035,Стальной лист,Уфа,Серый,16.775
1036,Ручка,Волгоград,Чёрный,1.317
1037,Поручень,Пермь,Красный,14.767000000000001
1038,Колесо,Красноярск,Зелёный,14.495999999999999
1039,Шина,Воронеж,Белый,11.44
1040,﻿Гайка,Саратов,Жёлтый,1.795
1041,Болт,Краснодар,Синий,1.679
1042,Ремень,Тольятти,Серый,1.719
1043,Леска,Ижевск,Чёрный,1.298
1044,Отвёртка,Барнаул,Красный,0.617
1045,Верёвка,Ульяновск,Зелёный,0.26899999999999996
1046,Труба,Тюмень,Белый,16.324
1047,Радиатор,Иркутск,Жёлтый,18.063
1048,Кожух,Владивосток,Синий,17.265
1049,Шуруп,Ярославль,Серый,0.815
1050,Гвоздь,﻿Москва,Чёрный,1.442
1051,Стальной лист,Санкт-Петербург,Красный,15.017999999999999
1052,Ручка,Новосибирск,Зелёный,0.685
1053,Поручень,Екатеринбург,Белый,13.866
1054,Колесо,Новгород,Жёлтый,12.290999999999999
1055,Шина,Самара,Синий,11.503
1056,﻿Гайка,Казань,Серый,0.27699999999999997
1057,Болт,Омск,Чёрный,1.8769999999999998
1058,Ремень,Челябинск,Красный,0.843
1059,Леска,Ростов-на-Дону,Зелёный,0.9690000000000001
1060,Отвёртка,Уфа,Белый,1.013
1061,Верёвка,Волгоград,Жёлтый,1.761
1062,Труба,Пермь,Синий,13.117
1063,Радиатор,Красноярск,Серый,12.706
1064,Кожух,Воронеж,Чёрный,11.575
1065,Шуруп,Саратов,Красный,1.246
1066,Гвоздь,Краснодар,Зелёный,1.989
1067,Стальной лист,Тольятти,Белый,18.209
1068,Ручка,Ижевск,Жёлтый,1.6369999999999998
1069,Поручень,Барнаул,Синий,14.056
1070,Колесо,Ульяновск,Серый,15.147
1071,Шина,Тюмень,Чёрный,12.51
1072,﻿Гайка,Иркутск,Красный,1.16
1073,Болт,Владивосток,Зелёный,1.2570000000000001
1074,Ремень,Ярославль,Белый,0.218
1075,Леска,﻿Москва,Жёлтый,0.677
1076,Отвёртка,Санкт-Петербург,Синий,1.4980000000000002
1077,Верёвка,Новосибирск,Серый,0.87
1078,Труба,Екатеринбург,Чёрный,13.206
1079,Радиатор,Новгород,Красный,10.780999999999999
1081,Шуруп,Казань,Белый,0.348
1082,Гвоздь,Омск,Жёлтый,1.483
1083,Стальной лист,Челябинск,Синий,14.897
1084,Ручка,Ростов-на-Дону,Серый,1.101
1085,Поручень,Уфа,Чёрный,15.68
1086,Колесо,Волгоград,Красный,12.905999999999999
1087,Шина,Пермь,Зелёный,17.145
1088,﻿Гайка,Красноярск,Белый,0.622
1089,Болт,Воронеж,Жёлтый,1.274
1090,Ремень,Саратов,Синий,1.1420000000000001
1091,Леска,Краснодар,Серый,0.8809999999999999
1092,Отвёртка,Тольятти,Чёрный,1.048
1093,Верёвка,Ижевск,Красный,0.141
1094,Труба,Барнаул,Зелёный,12.009
1095,Радиатор,Ульяновск,Белый,14.73
1096,Кожух,Тюмень,Жёлтый,19.198
1097,Шуруп,Иркутск,Синий,1.013
1098,Гвоздь,Владивосток,Серый,1.7380000000000002
1099,Стальной лист,Ярославль,Чёрный,15.464
1100,Ручка,﻿Москва,Красный,1.805
1101,Поручень,Санкт-Петербург,Зелёный,14.843
1102,Колесо,Новосибирск,Белый,19.697
1103,Шина,Екатеринбург,Жёлтый,12.827
1104,﻿Гайка,Новгород,Синий,0.738
1105,Болт,Самара,Серый,0.976
1106,Ремень,Казань,Чёрный,0.204
1107,Леска,Омск,Красный,1.317
1108,Отвёртка,Челябинск,Зелёный,1.345
1109,Верёвка,Ростов-на-Дону,Белый,1.69
1110,Труба,Уфа,Жёлтый,14.012
1111,Радиатор,Волгоград,Синий,13.575
1112,Кожух,Пермь,Серый,13.863
1113,Шуруп,Красноярск,Чёрный,1.774
1114,Гвоздь,Воронеж,Красный,0.597
1115,Стальной лист,Саратов,Зелёный,13.832
1116,Ручка,Краснодар,Белый,1.227
1117,Поручень,Тольятти,Жёлтый,17.914
1118,Колесо,Ижевск,Синий,18.35
1119,Шина,Барнаул,Серый,16.805
1120,﻿Гайка,Ульяновск,Чёрный,1.281
1121,Болт,Тюмень,Красный,0.435
1122,Ремень,Иркутск,Зелёный,0.5589999999999999
1123,Леска,Владивосток,Белый,0.122
1124,Отвёртка,Ярославль,Жёлтый,0.71
1125,Верёвка,﻿Москва,Синий,0.428
1126,Труба,Санкт-Петербург,Серый,13.308
1127,Радиатор,Новосибирск,Чёрный,17.489
1128,Кожух,Екатеринбург,Красный,16.105
1129,Шуруп,Новгород,Зелёный,1.642
1130,Гвоздь,Самара,Белый,1.016
1131,Стальной лист,Казань,Жёлтый,19.156
1132,Ручка,Омск,Синий,1.89
1133,Поручень,Челябинск,Серый,19.502
1134,Колесо,Ростов-на-Дону,Чёрный,15.299000000000001
1135,Шина,Уфа,Красный,10.802
1136,﻿Гайка,Волгоград,Зелёный,1.6469999999999998
1137,Болт,Пермь,Белый,1.756
1138,Ремень,Красноярск,Жёлтый,0.956
1139,Леска,Воронеж,Синий,1.787
1141,Верёвка,Краснодар,Чёрный,1.064
1142,Труба,Тольятти,Красный,16.135
1143,Радиатор,Ижевск,Зелёный,14.347999999999999
1144,Кожух,Барнаул,Белый,14.575999999999999
1145,Шуруп,Ульяновск,Жёлтый,1.655
1146,Гвоздь,Тюмень,Синий,0.738
1147,Стальной лист,Иркутск,Серый,14.136
1148,Ручка,Владивосток,Чёрный,1.261
1149,Поручень,Ярославль,Красный,16.559
1150,Колесо,﻿Москва,Зелёный,10.847000000000001
1151,Шина,Санкт-Петербург,Белый,16.059
1152,﻿Гайка,Новосибирск,Жёлтый,1.032
1153,Болт,Екатеринбург,Синий,0.9620000000000001
1154,Ремень,Новгород,Серый,1.328
1155,Леска,Самара,Чёрный,0.325
1156,Отвёртка,Казань,Красный,0.26899999999999996
1157,Верёвка,Омск,Зелёный,0.182
1158,Труба,Челябинск,Белый,19.139
1159,Радиатор,Ростов-на-Дону,Жёлтый,15.571
1160,Кожух,Уфа,Синий,10.565999999999999
1161,Шуруп,Волгоград,Серый,1.04
1162,Гвоздь,Пермь,Чёрный,1.44
1163,Стальной лист,Красноярск,Красный,19.476
1164,Ручка,Воронеж,Зелёный,1.67
1165,Поручень,Саратов,Белый,11.55
1166,Колесо,Краснодар,Жёлтый,15.398
1167,Шина,Тольятти,Синий,15.712
1168,﻿Гайка,Ижевск,Серый,0.591
1169,Болт,Барнаул,Чёрный,0.505
1170,Ремень,Ульяновск,Красный,1.835
1171,Леска,Тюмень,Зелёный,0.9079999999999999
1172,Отвёртка,Иркутск,Белый,0.914
1173,Верёвка,Владивосток,Жёлтый,1.081
1174,Труба,Ярославль,Синий,11.796
1175,Радиатор,﻿Москва,Серый,19.096
1176,Кожух,Санкт-Петербург,Чёрный,13.134
1177,Шуруп,Новосибирск,Красный,0.387
1178,Гвоздь,Екатеринбург,Зелёный,1.2009999999999998
1179,Стальной лист,Новгород,Белый,18.265
1180,Ручка,Самара,Жёлтый,0.924
1181,Поручень,Казань,Синий,15.640999999999998
1182,Колесо,Омск,Серый,18.059
1183,Шина,Челябинск,Чёрный,12.767000000000001
1184,﻿Гайка,Ростов-на-Дону,Красный,0.883
1185,Болт,Уфа,Зелёный,1.355
1186,Ремень,Волгоград,Белый,1.329
1187,Леска,Пермь,Жёлтый,1.033
1188,Отвёртка,Красноярск,Синий,1.4140000000000001
1189,Верёвка,Воронеж,Серый,0.6
1190,Труба,Саратов,Чёрный,17.23
1191,Радиатор,Краснодар,Красный,18.999000000000002
1192,Кожух,Тольятти,Зелёный,14.815999999999999
1193,Шуруп,Ижевск,Белый,1.3880000000000001
1194,Гвоздь,Барнаул,Жёлтый,1.742
1195,Стальной лист,Ульяновск,Синий,11.780999999999999
1196,Ручка,Тюмень,Серый,0.812
1197,Поручень,Иркутск,Чёрный,15.33
1198,Колесо,Владивосток,Красный,12.45
1199,Шина,Ярославль,Зелёный,14.09
