SID,SName,SCity,Address,Risk
0,﻿Синапсис,﻿Москва,,2.0
1,Янус,Санкт-Петербург,Авиационная 35,1.0
2,"ООО ""ВиК-инжиниринг""",Новосибирск,Автомобильная 34,2.0
3,"ООО ""ИРБИС-ВЕНТ""",Екатеринбург,Авторемонтная 4,3.0
4,Мотэк-99,Новгород,Агалакова 42,1.0
5,"ООО ""Сварожич""",Самара,Агаповская 16,1.0
6,"ООО ""Слог""",Казань,Анапский 50,1.0
7,e-Volt,Омск,Ангарская 20,2.0
8,Феникс,Челябинск,Андижанская 7,1.0
9,Райдос,Ростов-на-Дону,Аносова 43,1.0
10,Viva,Уфа,Аптечная 49,3.0
11,ВАЛСИ,Волгоград,Аральская 39,3.0
12,СлавКабель,Пермь,Аргаяшская 42,3.0
13,"ООО ""Абсолют""",Красноярск,Артема 2,1.0
14,"ГК ""Эталон""",Воронеж,Артиллерийская 21,1.0
15,Кварц,Саратов,Бажова 4,2.0
16,"ООО ""МТА""",Краснодар,Барабинская 12,3.0
17,Палекс,Тольятти,Барановическая 6,2.0
18,ИП Карачаров В.В.,Ижевск,Барбюса 17,1.0
19,Мегаком,Барнаул,Братьев Кашириных 1,2.0
20,"ООО ""Петрикофф""",Ульяновск,Брянская 9,1.0
21,ИП Кахраманов Э.Б.,Тюмень,Бугурусланская 40,3.0
22,"ГК ""ФизТех""",Иркутск,Валдайская 26,3.0
23,ИП Лебедева И.С.,Владивосток,Валовая 5,1.0
24,"ООО ""Эльтадор-М""",Ярославль,Варненская 33,1.0
25,"ООО ""Самоходов""",﻿Москва,Васенко 27,1.0
26,Русинтек,Санкт-Петербург,Василевского 10,1.0
27,Зет-Стоун,Новосибирск,Ватутина 24,2.0
28,﻿Синапсис,Екатеринбург,Вахтангова 14,3.0
29,Янус,Новгород,Виллинская 23,1.0
30,"ООО ""ВиК-инжиниринг""",Самара,Винницкая 17,1.0
31,"ООО ""ИРБИС-ВЕНТ""",Казань,Витебская 29,3.0
32,Мотэк-99,Омск,Восход 50,3.0
33,"ООО ""Сварожич""",Челябинск,Выборгская 36,1.0
34,"ООО ""Слог""",Ростов-на-Дону,Вязовая 12,3.0
35,e-Volt,Уфа,Вязовой 14,1.0
36,Феникс,Волгоград,Гагарина 25,1.0
37,Райдос,Пермь,Гвардейская 22,2.0
38,Viva,Красноярск,Генераторный 30,3.0
39,ВАЛСИ,Воронеж,Героев Танкограда 43,3.0
40,СлавКабель,Саратов,Героическая 18,2.0
41,"ООО ""Абсолют""",Краснодар,Герцена 10,3.0
42,"ГК ""Эталон""",Тольятти,Гидрострой 23,2.0
43,Кварц,Ижевск,Грибоедова 45,3.0
44,"ООО ""МТА""",Барнаул,Гродненская 37,2.0
45,Палекс,Ульяновск,Грозненская 24,1.0
46,ИП Карачаров В.В.,Тюмень,Гусеничный 18,3.0
47,Мегаком,Иркутск,Гюго 16,2.0
48,"ООО ""Петрикофф""",Владивосток,Долинская 3,2.0
49,ИП Кахраманов Э.Б.,Ярославль,Достоевского 14,3.0
50,"ГК ""ФизТех""",﻿Москва,Дружбы 20,1.0
51,ИП Лебедева И.С.,Санкт-Петербург,Евтеева 12,3.0
52,"ООО ""Эльтадор-М""",Новосибирск,Елькина 26,3.0
53,"ООО ""Самоходов""",Екатеринбург,Еманжелинская 42,2.0
54,Русинтек,Новгород,Ереванская 26,2.0
55,Зет-Стоун,Самара,Железная 20,1.0
56,﻿Синапсис,Казань,Железноводская 20,2.0
57,Янус,Омск,Железнодорожная 11,3.0
58,"ООО ""ВиК-инжиниринг""",Челябинск,Животноводческая 11,3.0
59,"ООО ""ИРБИС-ВЕНТ""",Ростов-на-Дону,Жигулевская 40,2.0
60,Мотэк-99,Уфа,Житомирская 12,2.0
61,"ООО ""Сварожич""",Волгоград,Жукова 27,2.0
62,"ООО ""Слог""",Пермь,Жуковского 23,1.0
63,e-Volt,Красноярск,Заболотная 9,2.0
64,Феникс,Воронеж,Завалишина 23,1.0
65,Райдос,Саратов,Заводская 32,3.0
66,Viva,Краснодар,Запорожская 9,3.0
67,ВАЛСИ,Тольятти,Заслонова 12,3.0
68,СлавКабель,Ижевск,Захаренко 25,2.0
69,"ООО ""Абсолют""",Барнаул,Златоустовская 45,2.0
70,"ГК ""Эталон""",Ульяновск,Знаменская 47,2.0
71,Кварц,Тюмень,Зыкова 21,2.0
72,"ООО ""МТА""",Иркутск,Ижевская 45,2.0
73,Палекс,Владивосток,Ильича 17,1.0
74,ИП Карачаров В.В.,Ярославль,Инженерная 1,2.0
75,Мегаком,﻿Москва,Иртышская 36,3.0
76,"ООО ""Петрикофф""",Санкт-Петербург,Искусств 21,3.0
77,ИП Кахраманов Э.Б.,Новосибирск,Кавказская 20,3.0
78,"ГК ""ФизТех""",Екатеринбург,Кадиевская 42,3.0
79,ИП Лебедева И.С.,Новгород,Каменогорская 16,2.0
80,"ООО ""Эльтадор-М""",Самара,Каменская 41,3.0
81,"ООО ""Самоходов""",Казань,Камышовая 38,2.0
82,Русинтек,Омск,Карельская 10,1.0
83,Зет-Стоун,Челябинск,Карпенко 37,1.0
84,﻿Синапсис,Ростов-на-Дону,Катерная 48,2.0
85,Янус,Уфа,Каширская 10,3.0
86,"ООО ""ВиК-инжиниринг""",Волгоград,Коммунистическая 4,3.0
87,"ООО ""ИРБИС-ВЕНТ""",Пермь,Коммуны 19,1.0
88,Мотэк-99,Красноярск,Комсомольская 42,2.0
89,"ООО ""Сварожич""",Воронеж,Копейское 42,1.0
90,"ООО ""Слог""",Саратов,Короленко 14,1.0
91,e-Volt,Краснодар,Корундовая 31,3.0
92,Феникс,Тольятти,Косарева 45,2.0
93,Райдос,Ижевск,Костромская 37,2.0
94,Viva,Барнаул,Котина 24,3.0
95,ВАЛСИ,Ульяновск,Кошевого 4,3.0
96,СлавКабель,Тюмень,Красная 30,3.0
97,"ООО ""Абсолют""",Иркутск,Красноармейская 16,1.0
98,"ГК ""Эталон""",Владивосток,Красного Урала 21,1.0
99,Кварц,Ярославль,Краснознаменная 15,3.0
100,"ООО ""МТА""",﻿Москва,Краснокамская 11,3.0
101,Палекс,Санкт-Петербург,Краснооктябрьская 40,1.0
102,ИП Карачаров В.В.,Новосибирск,Красносельская 15,3.0
103,Мегаком,Екатеринбург,Красноуфимская 34,2.0
104,"ООО ""Петрикофф""",Новгород,Краснофлотская 22,3.0
105,ИП Кахраманов Э.Б.,Самара,Ленина 15,2.0
106,"ГК ""ФизТех""",Казань,Ленинградская 45,1.0
107,ИП Лебедева И.С.,Омск,Лермонтова 15,3.0
108,"ООО ""Эльтадор-М""",Челябинск,Лесопарковая 11,2.0
109,"ООО ""Самоходов""",Ростов-на-Дону,Липецкая 5,2.0
110,Русинтек,Уфа,Литейная 3,2.0
111,Зет-Стоун,Волгоград,Литовская 31,2.0
112,﻿Синапсис,Пермь,Ломоносова 23,3.0
113,Янус,Красноярск,Луганская 35,3.0
114,"ООО ""ВиК-инжиниринг""",Воронеж,Луначарского 49,2.0
115,"ООО ""ИРБИС-ВЕНТ""",Саратов,Лунная 11,1.0
116,Мотэк-99,Краснодар,Лучевой 37,2.0
117,"ООО ""Сварожич""",Тольятти,Львовская 5,1.0
118,"ООО ""Слог""",Ижевск,Люблинская 15,2.0
119,e-Volt,Барнаул,Магнитогорская 18,1.0
120,Феникс,Ульяновск,Майкова 12,2.0
121,Райдос,Тюмень,Макарова 9,2.0
122,Viva,Иркутск,Малиновая 26,3.0
123,ВАЛСИ,Владивосток,Мамина 15,3.0
124,СлавКабель,Ярославль,Марата 37,1.0
125,"ООО ""Абсолют""",﻿Москва,Марченко 12,1.0
126,"ГК ""Эталон""",Санкт-Петербург,Мира 50,2.0
127,Кварц,Новосибирск,Молодогвардейцев 29,3.0
128,"ООО ""МТА""",Екатеринбург,Монакова 18,3.0
129,Палекс,Новгород,Мопра 36,2.0
130,ИП Карачаров В.В.,Самара,Морозова 27,3.0
131,Мегаком,Казань,Московская 40,1.0
132,"ООО ""Петрикофф""",Омск,Нахимова 15,2.0
133,ИП Кахраманов Э.Б.,Челябинск,Национальная 35,2.0
134,"ГК ""ФизТех""",Ростов-на-Дону,Новозаводская 26,1.0
135,ИП Лебедева И.С.,Уфа,Новороссийская 2,1.0
136,"ООО ""Эльтадор-М""",Волгоград,Новосельская 19,3.0
137,"ООО ""Самоходов""",Пермь,Новоэлеваторная 41,3.0
138,Русинтек,Красноярск,Нязепетровская 22,3.0
139,Зет-Стоун,Воронеж,Образцова 6,3.0
140,﻿Синапсис,Саратов,Обская 3,3.0
141,Янус,Краснодар,Обский 17,3.0
142,"ООО ""ВиК-инжиниринг""",Тольятти,Обухова 48,1.0
143,"ООО ""ИРБИС-ВЕНТ""",Ижевск,Общественная 26,1.0
144,Мотэк-99,Барнаул,Овражный 8,3.0
145,"ООО ""Сварожич""",Ульяновск,Овчинникова 29,2.0
146,"ООО ""Слог""",Тюмень,Октябрьская 26,2.0
147,e-Volt,Иркутск,Орджоникидзе 23,1.0
148,Феникс,Владивосток,Оренбургская 38,2.0
149,Райдос,Ярославль,Орловская 46,1.0
150,Viva,﻿Москва,Островского 19,1.0
151,ВАЛСИ,Санкт-Петербург,Отдыха 23,1.0
152,СлавКабель,Новосибирск,Отечественная 19,3.0
153,"ООО ""Абсолют""",Екатеринбург,Павелецкая 37,3.0
154,"ГК ""Эталон""",Новгород,Павлова 14,1.0
155,Кварц,Самара,Павлоградская 38,3.0
156,"ООО ""МТА""",Казань,Пальмовая 2,2.0
157,Палекс,Омск,Парашютная 1,3.0
158,ИП Карачаров В.В.,Челябинск,Парковая 20,3.0
159,Мегаком,Ростов-на-Дону,Паровозная 42,2.0
160,"ООО ""Петрикофф""",Уфа,Паросиловой 50,1.0
161,ИП Кахраманов Э.Б.,Волгоград,Партизанская 6,1.0
162,"ГК ""ФизТех""",Пермь,Пархоменко 23,2.0
163,ИП Лебедева И.С.,Красноярск,Пекинская 15,2.0
164,"ООО ""Эльтадор-М""",Воронеж,Первоконная 15,3.0
165,"ООО ""Самоходов""",Саратов,Победы 19,3.0
166,Русинтек,Краснодар,Псковская 15,1.0
167,Зет-Стоун,Тольятти,Пулковская 15,3.0
168,﻿Синапсис,Ижевск,Пусковой 17,2.0
169,Янус,Барнаул,Путевая 36,1.0
170,"ООО ""ВиК-инжиниринг""",Ульяновск,Пушкина 38,2.0
171,"ООО ""ИРБИС-ВЕНТ""",Тюмень,Пятницкого 37,1.0
172,Мотэк-99,Иркутск,Рабоче-Крестьянская 26,2.0
173,"ООО ""Сварожич""",Владивосток,Радистов 38,1.0
174,"ООО ""Слог""",Ярославль,Родькина 50,1.0
175,e-Volt,﻿Москва,Рождественского 4,2.0
176,Феникс,Санкт-Петербург,Российская 30,3.0
177,Райдос,Новосибирск,Ростовская 39,2.0
178,Viva,Екатеринбург,Румянцева 36,2.0
179,ВАЛСИ,Новгород,Рылеева 6,2.0
181,"ООО ""Абсолют""",Казань,Ряжская 32,3.0
182,"ГК ""Эталон""",Омск,Садовая 21,1.0
183,Кварц,Челябинск,Садоводческая 37,1.0
184,"ООО ""МТА""",Ростов-на-Дону,Светлая 18,2.0
185,Палекс,Уфа,Свободы 4,1.0
186,ИП Карачаров В.В.,Волгоград,Связи 17,2.0
187,Мегаком,Пермь,Севанская 18,3.0
188,"ООО ""Петрикофф""",Красноярск,Севастопольская 33,3.0
189,ИП Кахраманов Э.Б.,Воронеж,Северная 49,2.0
190,"ГК ""ФизТех""",Саратов,Седовцев 22,2.0
191,ИП Лебедева И.С.,Краснодар,Серафимовича 8,2.0
192,"ООО ""Эльтадор-М""",Тольятти,Серова 23,1.0
193,"ООО ""Самоходов""",Ижевск,Серпуховская 26,3.0
194,Русинтек,Барнаул,Сеченова 7,3.0
195,Зет-Стоун,Ульяновск,Силикатная 36,1.0
196,﻿Синапсис,Тюмень,Сиреневая 15,2.0
197,Янус,Иркутск,Слаботочная 20,3.0
198,"ООО ""ВиК-инжиниринг""",Владивосток,Славянская 10,2.0
199,"ООО ""ИРБИС-ВЕНТ""",Ярославль,Смирных 7,1.0
200,Мотэк-99,﻿Москва,Смолеозерная 35,1.0
201,"ООО ""Сварожич""",Санкт-Петербург,Советская 26,3.0
202,"ООО ""Слог""",Новосибирск,Спасская 27,1.0
203,e-Volt,Екатеринбург,Спорта 13,1.0
204,Феникс,Новгород,Ставропольская 22,2.0
205,Райдос,Самара,Сталеваров 40,1.0
206,Viva,Казань,Сталелитейная 50,3.0
207,ВАЛСИ,Омск,Станиславского 9,2.0
208,СлавКабель,Челябинск,Степана Разина 50,1.0
209,"ООО ""Абсолют""",Ростов-на-Дону,Тагильская 43,3.0
210,"ГК ""Эталон""",Уфа,Танкистов 36,1.0
211,Кварц,Волгоград,Телевизионная 36,1.0
212,"ООО ""МТА""",Пермь,Телеграфная 2,3.0
213,Палекс,Красноярск,Тепличная 11,1.0
214,ИП Карачаров В.В.,Воронеж,Тепловозная 22,2.0
215,Мегаком,Саратов,Титановая 16,1.0
216,"ООО ""Петрикофф""",Краснодар,Толбухина 31,1.0
217,ИП Кахраманов Э.Б.,Тольятти,Толстого 36,3.0
218,"ГК ""ФизТех""",Ижевск,Трактовая 38,2.0
219,ИП Лебедева И.С.,Барнаул,Транзитная 8,1.0
220,"ООО ""Эльтадор-М""",Ульяновск,Троицкая 15,1.0
221,"ООО ""Самоходов""",Тюмень,Троицкое 21,2.0
222,Русинтек,Иркутск,Трубников 14,3.0
223,Зет-Стоун,Владивосток,Труда 47,3.0
224,﻿Синапсис,Ярославль,Трудовая 42,3.0
225,Янус,﻿Москва,Тульская 40,3.0
226,"ООО ""ВиК-инжиниринг""",Санкт-Петербург,Турбинная 50,3.0
227,"ООО ""ИРБИС-ВЕНТ""",Новосибирск,Тургенева 2,1.0
228,Мотэк-99,Екатеринбург,Тургоякская 6,1.0
229,"ООО ""Сварожич""",Новгород,Туркменская 43,3.0
230,"ООО ""Слог""",Самара,Туруханская 39,3.0
231,e-Volt,Казань,Угольная 17,3.0
232,Феникс,Омск,Ударная 18,2.0
233,Райдос,Челябинск,Украинская 42,3.0
234,Viva,Ростов-на-Дону,Ульяновская 48,2.0
235,ВАЛСИ,Уфа,Ульяновский 25,2.0
236,СлавКабель,Волгоград,Университетская Набережная 47,3.0
237,"ООО ""Абсолют""",Пермь,Уральская 17,1.0
238,"ГК ""Эталон""",Красноярск,Урожайная 23,2.0
239,Кварц,Воронеж,Успенского 2,2.0
241,Палекс,Краснодар,Ушакова 16,1.0
242,ИП Карачаров В.В.,Тольятти,Физкультурная 4,2.0
243,Мегаком,Ижевск,Фрунзе 39,2.0
244,"ООО ""Петрикофф""",Барнаул,Хабаровский 1,1.0
245,ИП Кахраманов Э.Б.,Ульяновск,Халтурина 2,3.0
246,"ГК ""ФизТех""",Тюмень,Харлова 42,1.0
247,ИП Лебедева И.С.,Иркутск,Харьковская 29,3.0
248,"ООО ""Эльтадор-М""",Владивосток,Химфармзавод 43,1.0
249,"ООО ""Самоходов""",Ярославль,Хлебозаводская 11,2.0
250,Русинтек,﻿Москва,Хохрякова 30,2.0
251,Зет-Стоун,Санкт-Петербург,Хрустальная 48,3.0
252,﻿Синапсис,Новосибирск,Худякова 5,3.0
253,Янус,Екатеринбург,Хуторная 17,3.0
254,"ООО ""ВиК-инжиниринг""",Новгород,Цветущая 30,1.0
255,"ООО ""ИРБИС-ВЕНТ""",Самара,Цвиллинга 33,1.0
256,Мотэк-99,Казань,Центральная 22,3.0
257,"ООО ""Сварожич""",Омск,Цимлянская 17,3.0
258,"ООО ""Слог""",Челябинск,Цинковая 34,2.0
259,e-Volt,Ростов-на-Дону,Циолковского 6,3.0
260,Феникс,Уфа,Чайковского 49,1.0
261,Райдос,Волгоград,Чапаева 23,3.0
262,Viva,Пермь,Чарчана 22,2.0
263,ВАЛСИ,Красноярск,Часовая 39,1.0
264,СлавКабель,Воронеж,Чебаркульская 37,1.0
265,"ООО ""Абсолют""",Саратов,Челябинского Рабочего 39,3.0
266,"ГК ""Эталон""",Краснодар,Челябэнерго 21,1.0
267,Кварц,Тольятти,Черкасская 45,2.0
268,"ООО ""МТА""",Ижевск,Черняховского 36,1.0
269,Палекс,Барнаул,Чехова 48,2.0
270,ИП Карачаров В.В.,Ульяновск,Чистопольская 19,3.0
271,Мегаком,Тюмень,Чичерина 27,3.0
272,"ООО ""Петрикофф""",Иркутск,Чоппа 23,3.0
273,ИП Кахраманов Э.Б.,Владивосток,Чукотская 11,2.0
274,"ГК ""ФизТех""",Ярославль,Шаумяна 2,2.0
275,ИП Лебедева И.С.,﻿Москва,Шахтстроевская 47,2.0
276,"ООО ""Эльтадор-М""",Санкт-Петербург,Шевченко 7,1.0
277,"ООО ""Самоходов""",Новосибирск,Шенкурская 26,3.0
278,Русинтек,Екатеринбург,Шершни 12,3.0
279,Зет-Стоун,Новгород,Шестая 28,1.0
280,﻿Синапсис,Самара,Широкая 8,3.0
281,Янус,Казань,Ширшова 7,1.0
282,"ООО ""ВиК-инжиниринг""",Омск,Шишкина 8,1.0
283,"ООО ""ИРБИС-ВЕНТ""",Челябинск,Школьная 16,1.0
284,Мотэк-99,Ростов-на-Дону,Шлюзовая 34,3.0
285,"ООО ""Сварожич""",Уфа,Шота Руставели 37,1.0
286,"ООО ""Слог""",Волгоград,Шуменская 46,3.0
287,e-Volt,Пермь,Щорса 20,1.0
288,Феникс,Красноярск,Щукина 47,1.0
289,Райдос,Воронеж,Энгельса 8,3.0
290,Viva,Саратов,Энергетиков 1,3.0
291,ВАЛСИ,Краснодар,Энтузиастов 12,2.0
292,СлавКабель,Тольятти,Эстонская 28,2.0
293,"ООО ""Абсолют""",Ижевск,Эстонский 17,3.0
294,"ГК ""Эталон""",Барнаул,Южная 27,3.0
295,Кварц,Ульяновск,Южная 46,1.0
296,"ООО ""МТА""",Тюмень,Южноуральская 4,2.0
297,Палекс,Иркутск,Юргинская 15,1.0
298,ИП Карачаров В.В.,Владивосток,Яблочкина 36,2.0
299,Мегаком,Ярославль,Якорная 22,3.0
300,"ООО ""Петрикофф""",﻿Москва,,2.0
301,ИП Кахраманов Э.Б.,Санкт-Петербург,Ярослава Гашека 1,1.0
302,"ГК ""ФизТех""",Новосибирск,Ярославская 20,3.0
303,ИП Лебедева И.С.,Екатеринбург,﻿Августовская 34,1.0
304,"ООО ""Эльтадор-М""",Новгород,Авиационная 39,1.0
305,"ООО ""Самоходов""",Самара,Автомобильная 26,1.0
306,Русинтек,Казань,Авторемонтная 22,1.0
307,Зет-Стоун,Омск,Агалакова 37,1.0
308,﻿Синапсис,Челябинск,Агаповская 19,3.0
309,Янус,Ростов-на-Дону,Анапский 44,2.0
310,"ООО ""ВиК-инжиниринг""",Уфа,Ангарская 12,3.0
311,"ООО ""ИРБИС-ВЕНТ""",Волгоград,Андижанская 33,3.0
312,Мотэк-99,Пермь,Аносова 25,2.0
313,"ООО ""Сварожич""",Красноярск,Аптечная 34,2.0
314,"ООО ""Слог""",Воронеж,Аральская 1,1.0
315,e-Volt,Саратов,Аргаяшская 31,1.0
316,Феникс,Краснодар,Артема 43,3.0
317,Райдос,Тольятти,Артиллерийская 2,3.0
318,Viva,Ижевск,Бажова 35,2.0
319,ВАЛСИ,Барнаул,Барабинская 5,1.0
320,СлавКабель,Ульяновск,Барановическая 18,2.0
321,"ООО ""Абсолют""",Тюмень,Барбюса 44,2.0
322,"ГК ""Эталон""",Иркутск,Братьев Кашириных 27,2.0
323,Кварц,Владивосток,Брянская 43,3.0
324,"ООО ""МТА""",Ярославль,Бугурусланская 36,2.0
325,Палекс,﻿Москва,Валдайская 23,3.0
326,ИП Карачаров В.В.,Санкт-Петербург,Валовая 49,2.0
327,Мегаком,Новосибирск,Варненская 3,2.0
328,"ООО ""Петрикофф""",Екатеринбург,Васенко 14,3.0
329,ИП Кахраманов Э.Б.,Новгород,Василевского 31,3.0
330,"ГК ""ФизТех""",Самара,Ватутина 42,2.0
331,ИП Лебедева И.С.,Казань,Вахтангова 4,1.0
332,"ООО ""Эльтадор-М""",Омск,Виллинская 24,1.0
333,"ООО ""Самоходов""",Челябинск,Винницкая 19,2.0
334,Русинтек,Ростов-на-Дону,Витебская 20,2.0
335,Зет-Стоун,Уфа,Восход 49,3.0
336,﻿Синапсис,Волгоград,Выборгская 24,3.0
337,Янус,Пермь,Вязовая 36,3.0
338,"ООО ""ВиК-инжиниринг""",Красноярск,Вязовой 15,2.0
339,"ООО ""ИРБИС-ВЕНТ""",Воронеж,Гагарина 9,2.0
340,Мотэк-99,Саратов,Гвардейская 2,3.0
341,"ООО ""Сварожич""",Краснодар,Генераторный 23,3.0
342,"ООО ""Слог""",Тольятти,Героев Танкограда 19,3.0
343,e-Volt,Ижевск,Героическая 6,2.0
344,Феникс,Барнаул,Герцена 22,3.0
345,Райдос,Ульяновск,Гидрострой 15,1.0
346,Viva,Тюмень,Грибоедова 13,1.0
347,ВАЛСИ,Иркутск,Гродненская 43,2.0
348,СлавКабель,Владивосток,Грозненская 39,1.0
349,"ООО ""Абсолют""",Ярославль,Гусеничный 16,1.0
350,"ГК ""Эталон""",﻿Москва,Гюго 40,3.0
351,Кварц,Санкт-Петербург,Долинская 20,2.0
352,"ООО ""МТА""",Новосибирск,Достоевского 32,2.0
353,Палекс,Екатеринбург,Дружбы 21,1.0
354,ИП Карачаров В.В.,Новгород,Евтеева 46,1.0
355,Мегаком,Самара,Елькина 46,2.0
356,"ООО ""Петрикофф""",Казань,Еманжелинская 23,3.0
357,ИП Кахраманов Э.Б.,Омск,Ереванская 50,3.0
358,"ГК ""ФизТех""",Челябинск,Железная 47,2.0
359,ИП Лебедева И.С.,Ростов-на-Дону,Железноводская 15,3.0
360,"ООО ""Эльтадор-М""",Уфа,,3.0
361,"ООО ""Самоходов""",Волгоград,Животноводческая 2,1.0
362,Русинтек,Пермь,Жигулевская 23,3.0
363,Зет-Стоун,Красноярск,Житомирская 49,1.0
364,﻿Синапсис,Воронеж,Жукова 5,3.0
365,Янус,Саратов,Жуковского 16,1.0
366,"ООО ""ВиК-инжиниринг""",Краснодар,Заболотная 21,1.0
367,"ООО ""ИРБИС-ВЕНТ""",Тольятти,Завалишина 43,3.0
368,Мотэк-99,Ижевск,Заводская 29,3.0
369,"ООО ""Сварожич""",Барнаул,Запорожская 40,2.0
370,"ООО ""Слог""",Ульяновск,Заслонова 47,3.0
371,e-Volt,Тюмень,Захаренко 30,2.0
372,Феникс,Иркутск,Златоустовская 22,2.0
373,Райдос,Владивосток,Знаменская 9,2.0
374,Viva,Ярославль,Зыкова 26,3.0
375,ВАЛСИ,﻿Москва,Ижевская 36,3.0
376,СлавКабель,Санкт-Петербург,Ильича 37,2.0
377,"ООО ""Абсолют""",Новосибирск,Инженерная 41,1.0
378,"ГК ""Эталон""",Екатеринбург,Иртышская 46,3.0
379,Кварц,Новгород,Искусств 44,1.0
380,"ООО ""МТА""",Самара,Кавказская 19,1.0
381,Палекс,Казань,Кадиевская 12,1.0
382,ИП Карачаров В.В.,Омск,Каменогорская 39,1.0
383,Мегаком,Челябинск,Каменская 33,3.0
384,"ООО ""Петрикофф""",Ростов-на-Дону,Камышовая 12,2.0
385,ИП Кахраманов Э.Б.,Уфа,Карельская 35,1.0
386,"ГК ""ФизТех""",Волгоград,Карпенко 31,3.0
387,ИП Лебедева И.С.,Пермь,Катерная 25,3.0
388,"ООО ""Эльтадор-М""",Красноярск,Каширская 24,1.0
389,"ООО ""Самоходов""",Воронеж,Коммунистическая 24,1.0
390,Русинтек,Саратов,Коммуны 37,2.0
391,Зет-Стоун,Краснодар,Комсомольская 36,1.0
392,﻿Синапсис,Тольятти,Копейское 23,2.0
393,Янус,Ижевск,Короленко 46,2.0
394,"ООО ""ВиК-инжиниринг""",Барнаул,Корундовая 32,2.0
395,"ООО ""ИРБИС-ВЕНТ""",Ульяновск,Косарева 26,2.0
396,Мотэк-99,Тюмень,Костромская 39,2.0
397,"ООО ""Сварожич""",Иркутск,Котина 18,2.0
398,"ООО ""Слог""",Владивосток,Кошевого 40,1.0
399,e-Volt,Ярославль,Красная 7,1.0
400,Феникс,﻿Москва,Красноармейская 12,1.0
401,Райдос,Санкт-Петербург,Красного Урала 12,1.0
402,Viva,Новосибирск,Краснознаменная 4,1.0
403,ВАЛСИ,Екатеринбург,Краснокамская 23,3.0
404,СлавКабель,Новгород,Краснооктябрьская 36,3.0
405,"ООО ""Абсолют""",Самара,Красносельская 29,1.0
406,"ГК ""Эталон""",Казань,Красноуфимская 17,2.0
407,Кварц,Омск,Краснофлотская 5,1.0
408,"ООО ""МТА""",Челябинск,Ленина 35,2.0
409,Палекс,Ростов-на-Дону,Ленинградская 16,1.0
410,ИП Карачаров В.В.,Уфа,Лермонтова 13,3.0
411,Мегаком,Волгоград,Лесопарковая 19,2.0
412,"ООО ""Петрикофф""",Пермь,Липецкая 40,3.0
413,ИП Кахраманов Э.Б.,Красноярск,Литейная 4,2.0
414,"ГК ""ФизТех""",Воронеж,Литовская 33,1.0
415,ИП Лебедева И.С.,Саратов,Ломоносова 21,2.0
416,"ООО ""Эльтадор-М""",Краснодар,Луганская 38,1.0
417,"ООО ""Самоходов""",Тольятти,Луначарского 43,3.0
418,Русинтек,Ижевск,Лунная 20,3.0
419,Зет-Стоун,Барнаул,Лучевой 35,3.0
420,﻿Синапсис,Ульяновск,Львовская 22,2.0
421,Янус,Тюмень,Люблинская 32,1.0
422,"ООО ""ВиК-инжиниринг""",Иркутск,Магнитогорская 22,1.0
423,"ООО ""ИРБИС-ВЕНТ""",Владивосток,Майкова 27,3.0
424,Мотэк-99,Ярославль,Макарова 33,2.0
425,"ООО ""Сварожич""",﻿Москва,Малиновая 45,3.0
426,"ООО ""Слог""",Санкт-Петербург,Мамина 18,1.0
427,e-Volt,Новосибирск,Марата 27,1.0
428,Феникс,Екатеринбург,Марченко 18,3.0
429,Райдос,Новгород,Мира 29,1.0
430,Viva,Самара,Молодогвардейцев 28,3.0
431,ВАЛСИ,Казань,Монакова 35,1.0
432,СлавКабель,Омск,Мопра 16,3.0
433,"ООО ""Абсолют""",Челябинск,Морозова 7,2.0
434,"ГК ""Эталон""",Ростов-на-Дону,Московская 7,2.0
435,Кварц,Уфа,Нахимова 14,2.0
436,"ООО ""МТА""",Волгоград,Национальная 3,1.0
437,Палекс,Пермь,Новозаводская 19,2.0
438,ИП Карачаров В.В.,Красноярск,Новороссийская 9,3.0
439,Мегаком,Воронеж,Новосельская 21,2.0
440,"ООО ""Петрикофф""",Саратов,Новоэлеваторная 21,1.0
441,ИП Кахраманов Э.Б.,Краснодар,Нязепетровская 8,3.0
442,"ГК ""ФизТех""",Тольятти,Образцова 3,1.0
443,ИП Лебедева И.С.,Ижевск,Обская 28,1.0
444,"ООО ""Эльтадор-М""",Барнаул,Обский 1,3.0
445,"ООО ""Самоходов""",Ульяновск,Обухова 17,1.0
446,Русинтек,Тюмень,Общественная 32,3.0
447,Зет-Стоун,Иркутск,Овражный 7,2.0
448,﻿Синапсис,Владивосток,Овчинникова 27,1.0
449,Янус,Ярославль,Октябрьская 42,2.0
450,"ООО ""ВиК-инжиниринг""",﻿Москва,Орджоникидзе 8,3.0
451,"ООО ""ИРБИС-ВЕНТ""",Санкт-Петербург,Оренбургская 3,3.0
452,Мотэк-99,Новосибирск,Орловская 24,2.0
453,"ООО ""Сварожич""",Екатеринбург,Островского 25,2.0
454,"ООО ""Слог""",Новгород,Отдыха 12,1.0
455,e-Volt,Самара,Отечественная 35,3.0
456,Феникс,Казань,Павелецкая 32,2.0
457,Райдос,Омск,Павлова 37,1.0
458,Viva,Челябинск,Павлоградская 49,1.0
459,ВАЛСИ,Ростов-на-Дону,Пальмовая 42,1.0
460,СлавКабель,Уфа,Парашютная 17,2.0
461,"ООО ""Абсолют""",Волгоград,Парковая 48,2.0
462,"ГК ""Эталон""",Пермь,Паровозная 37,2.0
463,Кварц,Красноярск,Паросиловой 1,1.0
464,"ООО ""МТА""",Воронеж,Партизанская 49,2.0
465,Палекс,Саратов,Пархоменко 3,1.0
466,ИП Карачаров В.В.,Краснодар,Пекинская 30,3.0
467,Мегаком,Тольятти,Первоконная 13,3.0
468,"ООО ""Петрикофф""",Ижевск,Победы 45,2.0
469,ИП Кахраманов Э.Б.,Барнаул,Псковская 5,1.0
470,"ГК ""ФизТех""",Ульяновск,Пулковская 14,1.0
471,ИП Лебедева И.С.,Тюмень,Пусковой 19,3.0
472,"ООО ""Эльтадор-М""",Иркутск,Путевая 43,1.0
473,"ООО ""Самоходов""",Владивосток,Пушкина 14,3.0
474,Русинтек,Ярославль,Пятницкого 30,1.0
475,Зет-Стоун,﻿Москва,Рабоче-Крестьянская 38,2.0
476,﻿Синапсис,Санкт-Петербург,Радистов 41,2.0
477,Янус,Новосибирск,Родькина 28,1.0
478,"ООО ""ВиК-инжиниринг""",Екатеринбург,Рождественского 44,2.0
479,"ООО ""ИРБИС-ВЕНТ""",Новгород,Российская 45,2.0
480,Мотэк-99,Самара,Ростовская 49,2.0
481,"ООО ""Сварожич""",Казань,Румянцева 9,2.0
482,"ООО ""Слог""",Омск,Рылеева 28,3.0
483,e-Volt,Челябинск,Рябиновая 34,3.0
484,Феникс,Ростов-на-Дону,Ряжская 22,3.0
485,Райдос,Уфа,Садовая 19,3.0
486,Viva,Волгоград,Садоводческая 44,3.0
487,ВАЛСИ,Пермь,Светлая 24,3.0
488,СлавКабель,Красноярск,Свободы 40,3.0
489,"ООО ""Абсолют""",Воронеж,Связи 10,2.0
490,"ГК ""Эталон""",Саратов,Севанская 28,2.0
491,Кварц,Краснодар,Севастопольская 13,3.0
492,"ООО ""МТА""",Тольятти,Северная 20,2.0
493,Палекс,Ижевск,Седовцев 28,3.0
494,ИП Карачаров В.В.,Барнаул,Серафимовича 15,1.0
495,Мегаком,Ульяновск,Серова 29,3.0
496,"ООО ""Петрикофф""",Тюмень,Серпуховская 33,1.0
497,ИП Кахраманов Э.Б.,Иркутск,Сеченова 1,3.0
498,"ГК ""ФизТех""",Владивосток,Силикатная 2,1.0
499,ИП Лебедева И.С.,Ярославль,Сиреневая 17,3.0
500,"ООО ""Эльтадор-М""",﻿Москва,Слаботочная 26,3.0
501,"ООО ""Самоходов""",Санкт-Петербург,Славянская 42,2.0
502,Русинтек,Новосибирск,Смирных 48,3.0
503,Зет-Стоун,Екатеринбург,Смолеозерная 44,3.0
504,﻿Синапсис,Новгород,Советская 22,1.0
505,Янус,Самара,Спасская 33,1.0
506,"ООО ""ВиК-инжиниринг""",Казань,Спорта 28,3.0
507,"ООО ""ИРБИС-ВЕНТ""",Омск,Ставропольская 17,3.0
508,Мотэк-99,Челябинск,Сталеваров 12,2.0
509,"ООО ""Сварожич""",Ростов-на-Дону,Сталелитейная 44,1.0
510,"ООО ""Слог""",Уфа,Станиславского 21,2.0
511,e-Volt,Волгоград,Степана Разина 20,2.0
512,Феникс,Пермь,Тагильская 43,2.0
513,Райдос,Красноярск,Танкистов 17,2.0
514,Viva,Воронеж,Телевизионная 31,3.0
515,ВАЛСИ,Саратов,Телеграфная 19,2.0
516,СлавКабель,Краснодар,Тепличная 22,1.0
517,"ООО ""Абсолют""",Тольятти,Тепловозная 1,1.0
518,"ГК ""Эталон""",Ижевск,Титановая 41,1.0
519,Кварц,Барнаул,Толбухина 37,1.0
520,"ООО ""МТА""",Ульяновск,Толстого 47,2.0
521,Палекс,Тюмень,Трактовая 28,2.0
522,ИП Карачаров В.В.,Иркутск,Транзитная 39,2.0
523,Мегаком,Владивосток,Троицкая 44,2.0
524,"ООО ""Петрикофф""",Ярославль,Троицкое 26,2.0
525,ИП Кахраманов Э.Б.,﻿Москва,Трубников 27,2.0
526,"ГК ""ФизТех""",Санкт-Петербург,Труда 24,1.0
527,ИП Лебедева И.С.,Новосибирск,Трудовая 47,3.0
528,"ООО ""Эльтадор-М""",Екатеринбург,Тульская 27,1.0
529,"ООО ""Самоходов""",Новгород,Турбинная 23,3.0
530,Русинтек,Самара,Тургенева 6,3.0
531,Зет-Стоун,Казань,Тургоякская 47,1.0
532,﻿Синапсис,Омск,Туркменская 46,3.0
533,Янус,Челябинск,Туруханская 47,3.0
534,"ООО ""ВиК-инжиниринг""",Ростов-на-Дону,Угольная 28,1.0
535,"ООО ""ИРБИС-ВЕНТ""",Уфа,Ударная 6,3.0
536,Мотэк-99,Волгоград,Украинская 39,3.0
537,"ООО ""Сварожич""",Пермь,Ульяновская 9,3.0
538,"ООО ""Слог""",Красноярск,Ульяновский 4,1.0
539,e-Volt,Воронеж,Университетская Набережная 5,1.0
540,Феникс,Челябинск,Уральская 37,1.0
541,Райдос,Краснодар,Урожайная 1,2.0
542,Viva,Тольятти,Успенского 27,1.0
543,ВАЛСИ,Ижевск,Учебная 43,2.0
544,СлавКабель,Барнаул,Ушакова 25,2.0
545,"ООО ""Абсолют""",Ульяновск,Физкультурная 27,1.0
546,"ГК ""Эталон""",Тюмень,Фрунзе 33,3.0
547,Кварц,Иркутск,Хабаровский 3,3.0
548,"ООО ""МТА""",Владивосток,Халтурина 27,3.0
549,Палекс,Ярославль,Харлова 49,3.0
550,ИП Карачаров В.В.,﻿Москва,Харьковская 17,2.0
551,Мегаком,Санкт-Петербург,Химфармзавод 42,1.0
552,"ООО ""Петрикофф""",Новосибирск,Хлебозаводская 25,2.0
553,ИП Кахраманов Э.Б.,Екатеринбург,Хохрякова 7,3.0
554,"ГК ""ФизТех""",Новгород,Хрустальная 26,3.0
555,ИП Лебедева И.С.,Самара,Худякова 43,2.0
556,"ООО ""Эльтадор-М""",Казань,Хуторная 17,3.0
557,"ООО ""Самоходов""",Омск,Цветущая 21,2.0
558,Русинтек,Челябинск,Цвиллинга 44,1.0
559,Зет-Стоун,Ростов-на-Дону,Центральная 25,1.0
560,﻿Синапсис,Уфа,Цимлянская 25,3.0
561,Янус,Волгоград,Цинковая 48,2.0
562,"ООО ""ВиК-инжиниринг""",Пермь,Циолковского 30,2.0
563,"ООО ""ИРБИС-ВЕНТ""",Красноярск,Чайковского 25,1.0
564,Мотэк-99,Воронеж,Чапаева 1,1.0
565,"ООО ""Сварожич""",Саратов,Чарчана 7,1.0
566,"ООО ""Слог""",Краснодар,Часовая 48,2.0
567,e-Volt,Тольятти,Чебаркульская 42,2.0
568,Феникс,Ижевск,Челябинского Рабочего 28,3.0
569,Райдос,Барнаул,Челябэнерго 45,3.0
570,Viva,Ульяновск,Черкасская 48,2.0
571,ВАЛСИ,Тюмень,Черняховского 41,1.0
572,СлавКабель,Иркутск,Чехова 8,3.0
573,"ООО ""Абсолют""",Владивосток,Чистопольская 3,2.0
574,"ГК ""Эталон""",Ярославль,Чичерина 13,1.0
575,Кварц,﻿Москва,Чоппа 4,1.0
576,"ООО ""МТА""",Санкт-Петербург,Чукотская 32,1.0
577,Палекс,Новосибирск,Шаумяна 6,3.0
578,ИП Карачаров В.В.,Екатеринбург,Шахтстроевская 24,1.0
579,Мегаком,Новгород,Шевченко 41,2.0
580,"ООО ""Петрикофф""",Самара,Шенкурская 4,2.0
581,ИП Кахраманов Э.Б.,Казань,Шершни 12,3.0
582,"ГК ""ФизТех""",Омск,Шестая 12,1.0
583,ИП Лебедева И.С.,Челябинск,Широкая 24,2.0
584,"ООО ""Эльтадор-М""",Ростов-на-Дону,Ширшова 46,3.0
585,"ООО ""Самоходов""",Уфа,Шишкина 31,2.0
586,Русинтек,Волгоград,Школьная 19,3.0
587,Зет-Стоун,Пермь,Шлюзовая 14,2.0
588,﻿Синапсис,Красноярск,Шота Руставели 37,3.0
589,Янус,Воронеж,Шуменская 13,3.0
590,"ООО ""ВиК-инжиниринг""",Саратов,Щорса 44,1.0
591,"ООО ""ИРБИС-ВЕНТ""",Краснодар,Щукина 37,3.0
592,Мотэк-99,Тольятти,Энгельса 29,1.0
593,"ООО ""Сварожич""",Ижевск,Энергетиков 9,3.0
594,"ООО ""Слог""",Барнаул,Энтузиастов 37,3.0
595,e-Volt,Ульяновск,Эстонская 44,2.0
596,Феникс,Тюмень,Эстонский 22,3.0
597,Райдос,Иркутск,Южная 41,2.0
598,Viva,Владивосток,Южная 3,2.0
599,ВАЛСИ,Ярославль,Южноуральская 32,2.0
601,"ООО ""Абсолют""",Санкт-Петербург,Яблочкина 21,2.0
602,"ГК ""Эталон""",Новосибирск,Якорная 36,2.0
603,Кварц,Екатеринбург,Якутская 47,2.0
604,"ООО ""МТА""",Новгород,Ярослава Гашека 50,1.0
605,Палекс,Самара,Ярославская 48,3.0
606,ИП Карачаров В.В.,Казань,﻿Августовская 22,2.0
607,Мегаком,Омск,Авиационная 47,3.0
608,"ООО ""Петрикофф""",Челябинск,Автомобильная 11,2.0
609,ИП Кахраманов Э.Б.,Ростов-на-Дону,Авторемонтная 44,1.0
610,"ГК ""ФизТех""",Уфа,Агалакова 44,3.0
611,ИП Лебедева И.С.,Волгоград,Агаповская 27,2.0
612,"ООО ""Эльтадор-М""",Пермь,Анапский 23,1.0
613,"ООО ""Самоходов""",Красноярск,Ангарская 27,2.0
614,Русинтек,Воронеж,Андижанская 23,3.0
615,Зет-Стоун,Саратов,Аносова 50,3.0
616,﻿Синапсис,Краснодар,Аптечная 31,3.0
617,Янус,Тольятти,Аральская 2,1.0
618,"ООО ""ВиК-инжиниринг""",Ижевск,Аргаяшская 34,3.0
619,"ООО ""ИРБИС-ВЕНТ""",Барнаул,Артема 14,2.0
620,Мотэк-99,Ульяновск,Артиллерийская 39,1.0
621,"ООО ""Сварожич""",Тюмень,Бажова 37,3.0
622,"ООО ""Слог""",Иркутск,Барабинская 35,2.0
623,e-Volt,Владивосток,Барановическая 48,3.0
624,Феникс,Ярославль,Барбюса 17,2.0
625,Райдос,﻿Москва,Братьев Кашириных 28,2.0
626,Viva,Санкт-Петербург,Брянская 39,2.0
627,ВАЛСИ,Новосибирск,Бугурусланская 32,2.0
628,СлавКабель,Екатеринбург,Валдайская 30,3.0
629,"ООО ""Абсолют""",Новгород,Валовая 5,3.0
630,"ГК ""Эталон""",Самара,Варненская 23,1.0
631,Кварц,Казань,Васенко 45,1.0
632,"ООО ""МТА""",Омск,Василевского 47,2.0
633,Палекс,Челябинск,Ватутина 14,3.0
634,ИП Карачаров В.В.,Ростов-на-Дону,Вахтангова 19,2.0
635,Мегаком,Уфа,Виллинская 37,3.0
636,"ООО ""Петрикофф""",Волгоград,Винницкая 19,1.0
637,ИП Кахраманов Э.Б.,Пермь,Витебская 42,1.0
638,"ГК ""ФизТех""",Красноярск,Восход 50,2.0
639,ИП Лебедева И.С.,Воронеж,Выборгская 44,1.0
640,"ООО ""Эльтадор-М""",Саратов,Вязовая 18,3.0
641,"ООО ""Самоходов""",Краснодар,Вязовой 35,3.0
642,Русинтек,Тольятти,Гагарина 29,1.0
643,Зет-Стоун,Ижевск,Гвардейская 32,1.0
644,﻿Синапсис,Барнаул,Генераторный 2,1.0
645,Янус,Ульяновск,Героев Танкограда 4,3.0
646,"ООО ""ВиК-инжиниринг""",Тюмень,Героическая 24,1.0
647,"ООО ""ИРБИС-ВЕНТ""",Иркутск,Герцена 45,3.0
648,Мотэк-99,Владивосток,Гидрострой 23,3.0
649,"ООО ""Сварожич""",Ярославль,Грибоедова 17,3.0
650,"ООО ""Слог""",﻿Москва,Гродненская 17,2.0
651,e-Volt,Санкт-Петербург,Грозненская 28,1.0
652,Феникс,Новосибирск,Гусеничный 3,2.0
653,Райдос,Екатеринбург,Гюго 33,1.0
654,Viva,Новгород,Долинская 10,3.0
655,ВАЛСИ,Самара,Достоевского 10,3.0
656,СлавКабель,Казань,Дружбы 16,2.0
657,"ООО ""Абсолют""",Омск,Евтеева 22,2.0
658,"ГК ""Эталон""",Челябинск,Елькина 35,1.0
659,Кварц,Ростов-на-Дону,Еманжелинская 25,3.0
660,"ООО ""МТА""",Краснодар,Ереванская 46,2.0
661,Палекс,Волгоград,Железная 32,1.0
662,ИП Карачаров В.В.,Пермь,Железноводская 32,3.0
663,Мегаком,Красноярск,Железнодорожная 30,1.0
664,"ООО ""Петрикофф""",Воронеж,Животноводческая 24,2.0
665,ИП Кахраманов Э.Б.,Саратов,Жигулевская 15,3.0
666,"ГК ""ФизТех""",Краснодар,Житомирская 34,2.0
667,ИП Лебедева И.С.,Тольятти,Жукова 32,3.0
668,"ООО ""Эльтадор-М""",Ижевск,Жуковского 32,3.0
669,"ООО ""Самоходов""",Барнаул,Заболотная 14,1.0
670,Русинтек,Ульяновск,Завалишина 15,3.0
671,Зет-Стоун,Тюмень,Заводская 23,3.0
672,﻿Синапсис,Иркутск,Запорожская 19,2.0
673,Янус,Владивосток,Заслонова 36,2.0
674,"ООО ""ВиК-инжиниринг""",Ярославль,Захаренко 16,1.0
675,"ООО ""ИРБИС-ВЕНТ""",﻿Москва,Златоустовская 48,3.0
676,Мотэк-99,Санкт-Петербург,Знаменская 43,2.0
677,"ООО ""Сварожич""",Новосибирск,Зыкова 26,2.0
678,"ООО ""Слог""",Екатеринбург,Ижевская 31,3.0
679,e-Volt,Новгород,Ильича 49,2.0
680,Феникс,Самара,Инженерная 23,3.0
681,Райдос,Казань,Иртышская 35,3.0
682,Viva,Омск,Искусств 23,2.0
683,ВАЛСИ,Челябинск,Кавказская 29,2.0
684,СлавКабель,Ростов-на-Дону,Кадиевская 38,3.0
685,"ООО ""Абсолют""",Уфа,Каменогорская 45,1.0
686,"ГК ""Эталон""",Волгоград,Каменская 17,1.0
687,Кварц,Пермь,Камышовая 14,2.0
688,"ООО ""МТА""",Красноярск,Карельская 13,3.0
689,Палекс,Воронеж,Карпенко 26,3.0
690,ИП Карачаров В.В.,Саратов,Катерная 30,3.0
691,Мегаком,Краснодар,Каширская 42,3.0
692,"ООО ""Петрикофф""",Тольятти,Коммунистическая 36,2.0
693,ИП Кахраманов Э.Б.,Ижевск,Коммуны 15,3.0
694,"ГК ""ФизТех""",Барнаул,Комсомольская 5,3.0
695,ИП Лебедева И.С.,Ульяновск,Копейское 26,1.0
696,"ООО ""Эльтадор-М""",Тюмень,Короленко 41,3.0
697,"ООО ""Самоходов""",Иркутск,Корундовая 35,1.0
698,Русинтек,Владивосток,Косарева 26,2.0
699,Зет-Стоун,Ярославль,Костромская 49,1.0
700,﻿Синапсис,﻿Москва,Котина 46,3.0
701,Янус,Санкт-Петербург,Кошевого 40,2.0
702,"ООО ""ВиК-инжиниринг""",Новосибирск,Красная 10,1.0
703,"ООО ""ИРБИС-ВЕНТ""",Екатеринбург,Красноармейская 26,3.0
704,Мотэк-99,Новгород,Красного Урала 19,3.0
705,"ООО ""Сварожич""",Самара,Краснознаменная 22,1.0
706,"ООО ""Слог""",Казань,Краснокамская 41,2.0
707,e-Volt,Омск,Краснооктябрьская 39,1.0
708,Феникс,Челябинск,Красносельская 33,3.0
709,Райдос,Ростов-на-Дону,Красноуфимская 6,2.0
710,Viva,Уфа,Краснофлотская 16,2.0
711,ВАЛСИ,Волгоград,Ленина 4,3.0
712,СлавКабель,Пермь,Ленинградская 38,3.0
713,"ООО ""Абсолют""",Красноярск,Лермонтова 2,1.0
714,"ГК ""Эталон""",Воронеж,Лесопарковая 50,2.0
715,Кварц,Саратов,Липецкая 34,3.0
716,"ООО ""МТА""",Краснодар,Литейная 50,1.0
717,Палекс,Тольятти,Литовская 50,3.0
718,ИП Карачаров В.В.,Ижевск,Ломоносова 28,3.0
719,Мегаком,Барнаул,Луганская 31,2.0
720,"ООО ""Петрикофф""",Ульяновск,,3.0
721,ИП Кахраманов Э.Б.,Тюмень,Лунная 4,3.0
722,"ГК ""ФизТех""",Иркутск,Лучевой 47,3.0
723,ИП Лебедева И.С.,Владивосток,Львовская 7,1.0
724,"ООО ""Эльтадор-М""",Ярославль,Люблинская 47,1.0
725,"ООО ""Самоходов""",﻿Москва,Магнитогорская 42,1.0
726,Русинтек,Санкт-Петербург,Майкова 15,3.0
727,Зет-Стоун,Новосибирск,Макарова 26,3.0
728,﻿Синапсис,Екатеринбург,Малиновая 24,2.0
729,Янус,Новгород,Мамина 32,2.0
730,"ООО ""ВиК-инжиниринг""",Самара,Марата 6,3.0
731,"ООО ""ИРБИС-ВЕНТ""",Казань,Марченко 30,2.0
732,Мотэк-99,Омск,Мира 43,1.0
733,"ООО ""Сварожич""",Челябинск,Молодогвардейцев 11,1.0
734,"ООО ""Слог""",Ростов-на-Дону,Монакова 30,1.0
735,e-Volt,Уфа,Мопра 31,2.0
736,Феникс,Волгоград,Морозова 27,3.0
737,Райдос,Пермь,Московская 11,1.0
738,Viva,Красноярск,Нахимова 37,2.0
739,ВАЛСИ,Воронеж,Национальная 2,2.0
740,СлавКабель,Саратов,Новозаводская 10,3.0
741,"ООО ""Абсолют""",Краснодар,Новороссийская 5,2.0
742,"ГК ""Эталон""",Тольятти,Новосельская 34,2.0
743,Кварц,Ижевск,Новоэлеваторная 50,2.0
744,"ООО ""МТА""",Барнаул,Нязепетровская 1,3.0
745,Палекс,Ульяновск,Образцова 23,2.0
746,ИП Карачаров В.В.,Тюмень,Обская 8,1.0
747,Мегаком,Иркутск,Обский 20,1.0
748,"ООО ""Петрикофф""",Владивосток,Обухова 25,1.0
749,ИП Кахраманов Э.Б.,Ярославль,Общественная 19,3.0
750,"ГК ""ФизТех""",﻿Москва,Овражный 50,1.0
751,ИП Лебедева И.С.,Санкт-Петербург,Овчинникова 43,3.0
752,"ООО ""Эльтадор-М""",Новосибирск,Октябрьская 3,1.0
753,"ООО ""Самоходов""",Екатеринбург,Орджоникидзе 4,2.0
754,Русинтек,Новгород,Оренбургская 2,3.0
755,Зет-Стоун,Самара,Орловская 47,2.0
756,﻿Синапсис,Казань,Островского 23,2.0
757,Янус,Омск,Отдыха 13,1.0
758,"ООО ""ВиК-инжиниринг""",Челябинск,Отечественная 34,3.0
759,"ООО ""ИРБИС-ВЕНТ""",Ростов-на-Дону,Павелецкая 45,2.0
760,Мотэк-99,Уфа,Павлова 13,2.0
761,"ООО ""Сварожич""",Волгоград,Павлоградская 42,3.0
762,"ООО ""Слог""",Пермь,Пальмовая 22,1.0
763,e-Volt,Красноярск,Парашютная 21,3.0
764,Феникс,Воронеж,Парковая 22,3.0
765,Райдос,Саратов,Паровозная 11,2.0
766,Viva,Краснодар,Паросиловой 4,2.0
767,ВАЛСИ,Тольятти,Партизанская 7,1.0
768,СлавКабель,Ижевск,Пархоменко 15,1.0
769,"ООО ""Абсолют""",Барнаул,Пекинская 1,1.0
770,"ГК ""Эталон""",Ульяновск,Первоконная 26,3.0
771,Кварц,Тюмень,Победы 38,2.0
772,"ООО ""МТА""",Иркутск,Псковская 14,2.0
773,Палекс,Владивосток,Пулковская 23,3.0
774,ИП Карачаров В.В.,Ярославль,Пусковой 35,2.0
775,Мегаком,﻿Москва,Путевая 15,1.0
776,"ООО ""Петрикофф""",Санкт-Петербург,Пушкина 18,1.0
777,ИП Кахраманов Э.Б.,Новосибирск,Пятницкого 26,3.0
778,"ГК ""ФизТех""",Екатеринбург,Рабоче-Крестьянская 17,2.0
779,ИП Лебедева И.С.,Новгород,Радистов 8,2.0
780,"ООО ""Эльтадор-М""",Ярославль,Родькина 47,1.0
781,"ООО ""Самоходов""",Казань,Рождественского 2,2.0
782,Русинтек,Омск,Российская 9,1.0
783,Зет-Стоун,Челябинск,Ростовская 22,2.0
784,﻿Синапсис,Ростов-на-Дону,Румянцева 25,2.0
785,Янус,Уфа,Рылеева 17,1.0
786,"ООО ""ВиК-инжиниринг""",Волгоград,Рябиновая 13,2.0
787,"ООО ""ИРБИС-ВЕНТ""",Пермь,Ряжская 8,1.0
788,Мотэк-99,Красноярск,Садовая 27,3.0
789,"ООО ""Сварожич""",Воронеж,Садоводческая 28,2.0
790,"ООО ""Слог""",Саратов,Светлая 39,3.0
791,e-Volt,Краснодар,Свободы 49,2.0
792,Феникс,Тольятти,Связи 5,2.0
793,Райдос,Ижевск,Севанская 34,3.0
794,Viva,Барнаул,Севастопольская 9,2.0
795,ВАЛСИ,Ульяновск,Северная 36,1.0
796,СлавКабель,Тюмень,Седовцев 22,3.0
797,"ООО ""Абсолют""",Иркутск,Серафимовича 31,3.0
798,"ГК ""Эталон""",Владивосток,Серова 26,2.0
799,Кварц,Ярославль,Серпуховская 2,3.0
800,"ООО ""МТА""",﻿Москва,Сеченова 38,1.0
801,Палекс,Санкт-Петербург,Силикатная 32,1.0
802,ИП Карачаров В.В.,Новосибирск,Сиреневая 47,3.0
803,Мегаком,Екатеринбург,Слаботочная 26,2.0
804,"ООО ""Петрикофф""",Новгород,Славянская 4,3.0
805,ИП Кахраманов Э.Б.,Самара,Смирных 25,3.0
806,"ГК ""ФизТех""",Казань,Смолеозерная 39,3.0
807,ИП Лебедева И.С.,Омск,Советская 23,3.0
808,"ООО ""Эльтадор-М""",Челябинск,Спасская 44,2.0
809,"ООО ""Самоходов""",Ростов-на-Дону,Спорта 13,1.0
810,Русинтек,Уфа,Ставропольская 4,1.0
811,Зет-Стоун,Волгоград,Сталеваров 48,3.0
812,﻿Синапсис,Пермь,Сталелитейная 42,2.0
813,Янус,Красноярск,Станиславского 19,1.0
814,"ООО ""ВиК-инжиниринг""",Воронеж,Степана Разина 27,2.0
815,"ООО ""ИРБИС-ВЕНТ""",Саратов,Тагильская 15,1.0
816,Мотэк-99,Краснодар,Танкистов 32,2.0
817,"ООО ""Сварожич""",Тольятти,Телевизионная 48,1.0
818,"ООО ""Слог""",Ижевск,Телеграфная 30,1.0
819,e-Volt,Барнаул,Тепличная 24,1.0
820,Феникс,Ульяновск,Тепловозная 10,3.0
821,Райдос,Тюмень,Титановая 32,1.0
822,Viva,Иркутск,Толбухина 14,1.0
823,ВАЛСИ,Владивосток,Толстого 14,1.0
824,СлавКабель,Ярославль,Трактовая 24,3.0
825,"ООО ""Абсолют""",﻿Москва,Транзитная 27,3.0
826,"ГК ""Эталон""",Санкт-Петербург,Троицкая 49,2.0
827,Кварц,Новосибирск,Троицкое 3,1.0
828,"ООО ""МТА""",Екатеринбург,Трубников 1,3.0
829,Палекс,Новгород,Труда 34,2.0
830,ИП Карачаров В.В.,Самара,Трудовая 14,2.0
831,Мегаком,Казань,Тульская 23,3.0
832,"ООО ""Петрикофф""",Омск,Турбинная 1,3.0
833,ИП Кахраманов Э.Б.,Челябинск,Тургенева 28,3.0
834,"ГК ""ФизТех""",Ростов-на-Дону,Тургоякская 21,2.0
835,ИП Лебедева И.С.,Уфа,Туркменская 37,2.0
836,"ООО ""Эльтадор-М""",Волгоград,Туруханская 14,1.0
837,"ООО ""Самоходов""",Пермь,Угольная 38,2.0
838,Русинтек,Красноярск,Ударная 39,3.0
839,Зет-Стоун,Воронеж,Украинская 19,1.0
841,Янус,Краснодар,Ульяновский 32,3.0
842,"ООО ""ВиК-инжиниринг""",Тольятти,Университетская Набережная 7,1.0
843,"ООО ""ИРБИС-ВЕНТ""",Ижевск,Уральская 44,1.0
844,Мотэк-99,Барнаул,Урожайная 47,1.0
845,"ООО ""Сварожич""",Ульяновск,Успенского 23,2.0
846,"ООО ""Слог""",Тюмень,Учебная 43,1.0
847,e-Volt,Иркутск,Ушакова 2,1.0
848,Феникс,Владивосток,Физкультурная 19,2.0
849,Райдос,Ярославль,Фрунзе 30,1.0
850,Viva,﻿Москва,Хабаровский 23,3.0
851,ВАЛСИ,Санкт-Петербург,Халтурина 4,3.0
852,СлавКабель,Новосибирск,Харлова 17,3.0
853,"ООО ""Абсолют""",Екатеринбург,Харьковская 38,2.0
854,"ГК ""Эталон""",Новгород,Химфармзавод 36,1.0
855,Кварц,Самара,Хлебозаводская 47,3.0
856,"ООО ""МТА""",Казань,Хохрякова 19,1.0
857,Палекс,Омск,Хрустальная 1,2.0
858,ИП Карачаров В.В.,Челябинск,Худякова 10,1.0
859,Мегаком,Ростов-на-Дону,Хуторная 17,2.0
860,"ООО ""Петрикофф""",Уфа,Цветущая 21,3.0
861,ИП Кахраманов Э.Б.,Волгоград,Цвиллинга 15,2.0
862,"ГК ""ФизТех""",Пермь,Центральная 27,2.0
863,ИП Лебедева И.С.,Красноярск,Цимлянская 4,2.0
864,"ООО ""Эльтадор-М""",Воронеж,Цинковая 9,2.0
865,"ООО ""Самоходов""",Саратов,Циолковского 33,3.0
866,Русинтек,Краснодар,Чайковского 33,3.0
867,Зет-Стоун,Тольятти,Чапаева 37,3.0
868,﻿Синапсис,Ижевск,Чарчана 40,1.0
869,Янус,Барнаул,Часовая 14,3.0
870,"ООО ""ВиК-инжиниринг""",Ульяновск,Чебаркульская 47,1.0
871,"ООО ""ИРБИС-ВЕНТ""",Тюмень,Челябинского Рабочего 46,1.0
872,Мотэк-99,Иркутск,Челябэнерго 30,3.0
873,"ООО ""Сварожич""",Владивосток,Черкасская 17,1.0
874,"ООО ""Слог""",Ярославль,Черняховского 30,1.0
875,e-Volt,﻿Москва,Чехова 5,2.0
876,Феникс,Санкт-Петербург,Чистопольская 32,2.0
877,Райдос,Новосибирск,Чичерина 24,2.0
878,Viva,Екатеринбург,Чоппа 19,2.0
879,ВАЛСИ,Новгород,Чукотская 44,3.0
880,СлавКабель,Самара,Шаумяна 37,3.0
881,"ООО ""Абсолют""",Казань,Шахтстроевская 18,1.0
882,"ГК ""Эталон""",Омск,Шевченко 11,2.0
883,Кварц,Челябинск,Шенкурская 45,3.0
884,"ООО ""МТА""",Ростов-на-Дону,Шершни 10,3.0
885,Палекс,Уфа,Шестая 32,1.0
886,ИП Карачаров В.В.,Волгоград,Широкая 15,3.0
887,Мегаком,Пермь,Ширшова 41,2.0
888,"ООО ""Петрикофф""",Красноярск,Шишкина 31,1.0
889,ИП Кахраманов Э.Б.,Воронеж,Школьная 35,1.0
890,"ГК ""ФизТех""",Саратов,Шлюзовая 25,3.0
891,ИП Лебедева И.С.,Краснодар,Шота Руставели 31,2.0
892,"ООО ""Эльтадор-М""",Тольятти,Шуменская 35,2.0
893,"ООО ""Самоходов""",Ижевск,Щорса 41,2.0
894,Русинтек,Барнаул,Щукина 38,2.0
895,Зет-Стоун,Ульяновск,Энгельса 44,1.0
896,﻿Синапсис,Тюмень,Энергетиков 12,1.0
897,Янус,Иркутск,Энтузиастов 16,2.0
898,"ООО ""ВиК-инжиниринг""",Владивосток,Эстонская 36,3.0
899,"ООО ""ИРБИС-ВЕНТ""",Ярославль,Эстонский 42,3.0
901,"ООО ""Сварожич""",Санкт-Петербург,Южная 42,2.0
902,"ООО ""Слог""",Новосибирск,Южноуральская 6,1.0
903,e-Volt,Екатеринбург,Юргинская 31,3.0
904,Феникс,Новгород,Яблочкина 11,3.0
905,Райдос,Самара,Якорная 30,3.0
906,Viva,Казань,Якутская 10,1.0
907,ВАЛСИ,Омск,Ярослава Гашека 26,1.0
908,СлавКабель,Челябинск,Ярославская 22,1.0
909,"ООО ""Абсолют""",Ростов-на-Дону,﻿Августовская 37,1.0
910,"ГК ""Эталон""",Уфа,Авиационная 40,2.0
911,Кварц,Волгоград,Автомобильная 18,1.0
912,"ООО ""МТА""",Пермь,Авторемонтная 26,2.0
913,Палекс,Красноярск,Агалакова 45,2.0
914,ИП Карачаров В.В.,Воронеж,Агаповская 3,2.0
915,Мегаком,Саратов,Анапский 6,1.0
916,"ООО ""Петрикофф""",Краснодар,Ангарская 5,3.0
917,ИП Кахраманов Э.Б.,Тольятти,Андижанская 16,2.0
918,"ГК ""ФизТех""",Ижевск,Аносова 8,3.0
919,ИП Лебедева И.С.,Барнаул,Аптечная 31,2.0
920,"ООО ""Эльтадор-М""",Ульяновск,Аральская 7,1.0
921,"ООО ""Самоходов""",Тюмень,Аргаяшская 46,1.0
922,Русинтек,Иркутск,Артема 35,1.0
923,Зет-Стоун,Владивосток,Артиллерийская 49,2.0
924,﻿Синапсис,Ярославль,Бажова 47,1.0
925,Янус,﻿Москва,Барабинская 11,3.0
926,"ООО ""ВиК-инжиниринг""",Санкт-Петербург,Барановическая 22,1.0
927,"ООО ""ИРБИС-ВЕНТ""",Новосибирск,Барбюса 18,1.0
928,Мотэк-99,Екатеринбург,Братьев Кашириных 38,1.0
929,"ООО ""Сварожич""",Новгород,Брянская 41,2.0
930,"ООО ""Слог""",Самара,Бугурусланская 33,3.0
931,e-Volt,Казань,Валдайская 1,2.0
932,Феникс,Омск,Валовая 18,3.0
933,Райдос,Челябинск,Варненская 6,3.0
934,Viva,Ростов-на-Дону,Васенко 3,1.0
935,ВАЛСИ,Уфа,Василевского 34,3.0
936,СлавКабель,Волгоград,Ватутина 40,3.0
937,"ООО ""Абсолют""",Пермь,Вахтангова 32,2.0
938,"ГК ""Эталон""",Красноярск,Виллинская 35,1.0
939,Кварц,Воронеж,Винницкая 38,1.0
940,"ООО ""МТА""",Саратов,Витебская 33,1.0
941,Палекс,Краснодар,Восход 23,1.0
942,ИП Карачаров В.В.,Тольятти,Выборгская 29,2.0
943,Мегаком,Ижевск,Вязовая 31,3.0
944,"ООО ""Петрикофф""",Барнаул,Вязовой 31,3.0
945,ИП Кахраманов Э.Б.,Ульяновск,Гагарина 14,2.0
946,"ГК ""ФизТех""",Тюмень,Гвардейская 45,1.0
947,ИП Лебедева И.С.,Иркутск,Генераторный 23,1.0
948,"ООО ""Эльтадор-М""",Владивосток,Героев Танкограда 35,1.0
949,"ООО ""Самоходов""",Ярославль,Героическая 11,2.0
950,Русинтек,﻿Москва,Герцена 12,3.0
951,Зет-Стоун,Санкт-Петербург,Гидрострой 8,1.0
952,﻿Синапсис,Новосибирск,Грибоедова 26,3.0
953,Янус,Екатеринбург,Гродненская 46,2.0
954,"ООО ""ВиК-инжиниринг""",Новгород,Грозненская 22,1.0
955,"ООО ""ИРБИС-ВЕНТ""",Самара,Гусеничный 21,3.0
956,Мотэк-99,Казань,Гюго 41,3.0
957,"ООО ""Сварожич""",Омск,Долинская 39,1.0
958,"ООО ""Слог""",Челябинск,Достоевского 12,3.0
959,e-Volt,Ростов-на-Дону,Дружбы 20,1.0
960,Феникс,Уфа,Евтеева 14,2.0
961,Райдос,Волгоград,Елькина 44,1.0
962,Viva,Пермь,Еманжелинская 30,2.0
963,ВАЛСИ,Красноярск,Ереванская 10,2.0
964,СлавКабель,Воронеж,Железная 7,1.0
965,"ООО ""Абсолют""",Саратов,Железноводская 28,2.0
966,"ГК ""Эталон""",Краснодар,Железнодорожная 10,2.0
967,Кварц,Тольятти,Животноводческая 28,1.0
968,"ООО ""МТА""",Ижевск,Жигулевская 36,3.0
969,Палекс,Барнаул,Житомирская 8,2.0
970,ИП Карачаров В.В.,Ульяновск,Жукова 37,1.0
971,Мегаком,Тюмень,Жуковского 40,1.0
972,"ООО ""Петрикофф""",Иркутск,Заболотная 11,2.0
973,ИП Кахраманов Э.Б.,Владивосток,Завалишина 42,3.0
974,"ГК ""ФизТех""",Ярославль,Заводская 12,2.0
975,ИП Лебедева И.С.,﻿Москва,Запорожская 41,3.0
976,"ООО ""Эльтадор-М""",Санкт-Петербург,Заслонова 31,3.0
977,"ООО ""Самоходов""",Новосибирск,Захаренко 23,3.0
978,Русинтек,Екатеринбург,Златоустовская 45,1.0
979,Зет-Стоун,Новгород,Знаменская 50,3.0
980,﻿Синапсис,Самара,Зыкова 13,1.0
981,Янус,Казань,Ижевская 46,1.0
982,"ООО ""ВиК-инжиниринг""",Омск,Ильича 10,3.0
983,"ООО ""ИРБИС-ВЕНТ""",Челябинск,Инженерная 19,2.0
984,Мотэк-99,Ростов-на-Дону,Иртышская 13,2.0
985,"ООО ""Сварожич""",Уфа,Искусств 38,1.0
986,"ООО ""Слог""",Волгоград,Кавказская 32,2.0
987,e-Volt,Пермь,Кадиевская 34,3.0
988,Феникс,Красноярск,Каменогорская 44,1.0
989,Райдос,Воронеж,Каменская 35,2.0
990,Viva,Саратов,Камышовая 36,2.0
991,ВАЛСИ,Краснодар,Карельская 20,3.0
992,СлавКабель,Тольятти,Карпенко 49,3.0
993,"ООО ""Абсолют""",Ижевск,Катерная 20,3.0
994,"ГК ""Эталон""",Барнаул,Каширская 19,3.0
995,Кварц,Ульяновск,Коммунистическая 48,1.0
996,"ООО ""МТА""",Тюмень,Коммуны 44,3.0
997,Палекс,Иркутск,Комсомольская 24,1.0
998,ИП Карачаров В.В.,Владивосток,Копейское 28,2.0
999,Мегаком,Ярославль,Короленко 27,3.0
1000,"ООО ""Петрикофф""",﻿Москва,Корундовая 33,1.0
1001,ИП Кахраманов Э.Б.,Санкт-Петербург,Косарева 32,1.0
1002,"ГК ""ФизТех""",Новосибирск,Костромская 18,1.0
1003,ИП Лебедева И.С.,Екатеринбург,Котина 44,1.0
1004,"ООО ""Эльтадор-М""",Новгород,Кошевого 35,2.0
1005,"ООО ""Самоходов""",Самара,Красная 31,2.0
1006,Русинтек,Казань,Красноармейская 18,1.0
1007,Зет-Стоун,Омск,Красного Урала 31,2.0
1008,﻿Синапсис,Челябинск,Краснознаменная 33,3.0
1009,Янус,Ростов-на-Дону,Краснокамская 6,3.0
1010,"ООО ""ВиК-инжиниринг""",Уфа,Краснооктябрьская 26,1.0
1011,"ООО ""ИРБИС-ВЕНТ""",Волгоград,Красносельская 2,1.0
1012,Мотэк-99,Пермь,Красноуфимская 14,1.0
1013,"ООО ""Сварожич""",Красноярск,Краснофлотская 1,2.0
1014,"ООО ""Слог""",Воронеж,Ленина 41,2.0
1015,e-Volt,Саратов,Ленинградская 26,1.0
1016,Феникс,Краснодар,Лермонтова 4,2.0
1017,Райдос,Тольятти,Лесопарковая 27,1.0
1018,Viva,Ижевск,Липецкая 50,1.0
1019,ВАЛСИ,Барнаул,Литейная 33,2.0
1020,СлавКабель,Пермь,Литовская 31,1.0
1021,"ООО ""Абсолют""",Тюмень,Ломоносова 1,1.0
1022,"ГК ""Эталон""",Иркутск,Луганская 11,3.0
1023,Кварц,Владивосток,Луначарского 25,3.0
1024,"ООО ""МТА""",Ярославль,Лунная 13,3.0
1025,Палекс,﻿Москва,Лучевой 30,1.0
1026,ИП Карачаров В.В.,Санкт-Петербург,Львовская 20,1.0
1027,Мегаком,Новосибирск,Люблинская 20,2.0
1028,"ООО ""Петрикофф""",Екатеринбург,Магнитогорская 7,1.0
1029,ИП Кахраманов Э.Б.,Новгород,Майкова 46,3.0
1030,"ГК ""ФизТех""",Самара,Макарова 24,1.0
1031,ИП Лебедева И.С.,Казань,Малиновая 37,1.0
1032,"ООО ""Эльтадор-М""",Омск,Мамина 31,3.0
1033,"ООО ""Самоходов""",Челябинск,Марата 17,2.0
1034,Русинтек,Ростов-на-Дону,Марченко 39,2.0
1035,Зет-Стоун,Уфа,Мира 2,3.0
1036,﻿Синапсис,Волгоград,Молодогвардейцев 43,3.0
1037,Янус,Пермь,Монакова 7,3.0
1038,"ООО ""ВиК-инжиниринг""",Красноярск,Мопра 24,1.0
1039,"ООО ""ИРБИС-ВЕНТ""",Воронеж,Морозова 17,3.0
1040,Мотэк-99,Саратов,Московская 1,2.0
1041,"ООО ""Сварожич""",Краснодар,Нахимова 36,3.0
1042,"ООО ""Слог""",Тольятти,Национальная 7,1.0
1043,e-Volt,Ижевск,Новозаводская 20,1.0
1044,Феникс,Барнаул,Новороссийская 36,1.0
1045,Райдос,Ульяновск,Новосельская 35,3.0
1046,Viva,Тюмень,Новоэлеваторная 25,1.0
1047,ВАЛСИ,Иркутск,Нязепетровская 5,3.0
1048,СлавКабель,Владивосток,Образцова 37,1.0
1049,"ООО ""Абсолют""",Ярославль,Обская 45,3.0
1050,"ГК ""Эталон""",﻿Москва,Обский 44,1.0
1051,Кварц,Санкт-Петербург,Обухова 39,3.0
1052,"ООО ""МТА""",Новосибирск,Общественная 48,2.0
1053,Палекс,Екатеринбург,Овражный 35,2.0
1054,ИП Карачаров В.В.,Новгород,Овчинникова 39,1.0
1055,Мегаком,Самара,Октябрьская 48,1.0
1056,"ООО ""Петрикофф""",Казань,Орджоникидзе 44,2.0
1057,ИП Кахраманов Э.Б.,Омск,Оренбургская 20,1.0
1058,"ГК ""ФизТех""",Челябинск,Орловская 48,1.0
1059,ИП Лебедева И.С.,Ростов-на-Дону,Островского 40,2.0
1060,"ООО ""Эльтадор-М""",Уфа,Отдыха 32,2.0
1061,"ООО ""Самоходов""",Волгоград,Отечественная 14,1.0
1062,Русинтек,Пермь,Павелецкая 31,3.0
1063,Зет-Стоун,Красноярск,Павлова 29,1.0
1064,﻿Синапсис,Воронеж,Павлоградская 21,2.0
1065,Янус,Саратов,Пальмовая 37,3.0
1066,"ООО ""ВиК-инжиниринг""",Краснодар,Парашютная 20,3.0
1067,"ООО ""ИРБИС-ВЕНТ""",Тольятти,Парковая 38,3.0
1068,Мотэк-99,Ижевск,Паровозная 42,2.0
1069,"ООО ""Сварожич""",Барнаул,Паросиловой 23,1.0
1070,"ООО ""Слог""",Ульяновск,Партизанская 9,2.0
1071,e-Volt,Тюмень,Пархоменко 32,2.0
1072,Феникс,Иркутск,Пекинская 41,1.0
1073,Райдос,Владивосток,Первоконная 39,3.0
1074,Viva,Ярославль,Победы 45,3.0
1075,ВАЛСИ,﻿Москва,Псковская 11,1.0
1076,СлавКабель,Санкт-Петербург,Пулковская 5,3.0
1077,"ООО ""Абсолют""",Новосибирск,Пусковой 17,1.0
1078,"ГК ""Эталон""",Екатеринбург,Путевая 36,2.0
1079,Кварц,Новгород,Пушкина 43,2.0
1080,"ООО ""МТА""",Самара,,2.0
1081,Палекс,Казань,Рабоче-Крестьянская 39,3.0
1082,ИП Карачаров В.В.,Омск,Радистов 35,2.0
1083,Мегаком,Челябинск,Родькина 50,1.0
1084,"ООО ""Петрикофф""",Ростов-на-Дону,Рождественского 15,1.0
1085,ИП Кахраманов Э.Б.,Уфа,Российская 32,2.0
1086,"ГК ""ФизТех""",Волгоград,Ростовская 5,1.0
1087,ИП Лебедева И.С.,Пермь,Румянцева 15,2.0
1088,"ООО ""Эльтадор-М""",Красноярск,Рылеева 14,3.0
1089,"ООО ""Самоходов""",Воронеж,Рябиновая 21,1.0
1090,Русинтек,Саратов,Ряжская 7,3.0
1091,Зет-Стоун,Краснодар,Садовая 28,1.0
1092,﻿Синапсис,Тольятти,Садоводческая 34,2.0
1093,Янус,Ижевск,Светлая 27,2.0
1094,"ООО ""ВиК-инжиниринг""",Барнаул,Свободы 37,1.0
1095,"ООО ""ИРБИС-ВЕНТ""",Ульяновск,Связи 49,3.0
1096,Мотэк-99,Тюмень,Севанская 33,1.0
1097,"ООО ""Сварожич""",Иркутск,Севастопольская 10,1.0
1098,"ООО ""Слог""",Владивосток,Северная 40,1.0
1099,e-Volt,Ярославль,Седовцев 11,2.0
1100,Феникс,﻿Москва,Серафимовича 31,2.0
1101,Райдос,Санкт-Петербург,Серова 2,1.0
1102,Viva,Новосибирск,Серпуховская 2,2.0
1103,ВАЛСИ,Екатеринбург,Сеченова 34,1.0
1104,СлавКабель,Новгород,Силикатная 14,3.0
1105,"ООО ""Абсолют""",Самара,Сиреневая 28,3.0
1106,"ГК ""Эталон""",Казань,Слаботочная 35,2.0
1107,Кварц,Омск,Славянская 38,3.0
1108,"ООО ""МТА""",Челябинск,Смирных 33,3.0
1109,Палекс,Ростов-на-Дону,Смолеозерная 26,2.0
1110,ИП Карачаров В.В.,Уфа,Советская 2,2.0
1111,Мегаком,Волгоград,Спасская 30,1.0
1112,"ООО ""Петрикофф""",Пермь,Спорта 37,2.0
1113,ИП Кахраманов Э.Б.,Красноярск,Ставропольская 28,3.0
1114,"ГК ""ФизТех""",Воронеж,Сталеваров 42,2.0
1115,ИП Лебедева И.С.,Саратов,Сталелитейная 1,3.0
1116,"ООО ""Эльтадор-М""",Краснодар,Станиславского 42,2.0
1117,"ООО ""Самоходов""",Тольятти,Степана Разина 31,1.0
1118,Русинтек,Ижевск,Тагильская 9,1.0
1119,Зет-Стоун,Барнаул,Танкистов 20,2.0
1120,﻿Синапсис,Ульяновск,Телевизионная 10,2.0
1121,Янус,Тюмень,Телеграфная 10,3.0
1122,"ООО ""ВиК-инжиниринг""",Иркутск,Тепличная 19,1.0
1123,"ООО ""ИРБИС-ВЕНТ""",Владивосток,Тепловозная 38,3.0
1124,Мотэк-99,Ярославль,Титановая 24,3.0
1125,"ООО ""Сварожич""",﻿Москва,Толбухина 29,3.0
1126,"ООО ""Слог""",Санкт-Петербург,Толстого 15,1.0
1127,e-Volt,Новосибирск,Трактовая 43,1.0
1128,Феникс,Екатеринбург,Транзитная 48,1.0
1129,Райдос,Новгород,Троицкая 46,1.0
1130,Viva,Самара,Троицкое 4,3.0
1131,ВАЛСИ,Казань,Трубников 7,3.0
1132,СлавКабель,Омск,Труда 35,3.0
1133,"ООО ""Абсолют""",Челябинск,Трудовая 10,1.0
1134,"ГК ""Эталон""",Ростов-на-Дону,Тульская 21,3.0
1135,Кварц,Уфа,Турбинная 40,1.0
1136,"ООО ""МТА""",Волгоград,Тургенева 9,2.0
1137,Палекс,Пермь,Тургоякская 15,2.0
1138,ИП Карачаров В.В.,Красноярск,Туркменская 13,1.0
1139,Мегаком,Воронеж,Туруханская 37,1.0
1140,"ООО ""Петрикофф""",Саратов,,3.0
1141,ИП Кахраманов Э.Б.,Краснодар,Ударная 46,3.0
1142,"ГК ""ФизТех""",Тольятти,Украинская 14,3.0
1143,ИП Лебедева И.С.,Ижевск,Ульяновская 33,2.0
1144,"ООО ""Эльтадор-М""",Барнаул,Ульяновский 34,2.0
1145,"ООО ""Самоходов""",Ульяновск,Университетская Набережная 32,2.0
1146,Русинтек,Тюмень,Уральская 21,2.0
1147,Зет-Стоун,Иркутск,Урожайная 13,1.0
1148,﻿Синапсис,Владивосток,Успенского 21,2.0
1149,Янус,Ярославль,Учебная 5,3.0
1150,"ООО ""ВиК-инжиниринг""",﻿Москва,Ушакова 36,1.0
1151,"ООО ""ИРБИС-ВЕНТ""",Санкт-Петербург,Физкультурная 1,3.0
1152,Мотэк-99,Новосибирск,Фрунзе 44,2.0
1153,"ООО ""Сварожич""",Екатеринбург,Хабаровский 32,1.0
1154,"ООО ""Слог""",Новгород,Халтурина 45,3.0
1155,e-Volt,Самара,Харлова 27,1.0
1156,Феникс,Казань,Харьковская 30,3.0
1157,Райдос,Омск,Химфармзавод 49,3.0
1158,Viva,Челябинск,Хлебозаводская 35,3.0
1159,ВАЛСИ,Ростов-на-Дону,Хохрякова 43,1.0
1160,СлавКабель,Уфа,Хрустальная 17,3.0
1161,"ООО ""Абсолют""",Волгоград,Худякова 24,1.0
1162,"ГК ""Эталон""",Пермь,Хуторная 36,3.0
1163,Кварц,Красноярск,Цветущая 8,2.0
1164,"ООО ""МТА""",Воронеж,Цвиллинга 48,3.0
1165,Палекс,Саратов,Центральная 8,3.0
1166,ИП Карачаров В.В.,Краснодар,Цимлянская 49,1.0
1167,Мегаком,Тольятти,Цинковая 27,2.0
1168,"ООО ""Петрикофф""",Ижевск,Циолковского 37,1.0
1169,ИП Кахраманов Э.Б.,Барнаул,Чайковского 15,3.0
1170,"ГК ""ФизТех""",Ульяновск,Чапаева 48,2.0
1171,ИП Лебедева И.С.,Тюмень,Чарчана 23,2.0
1172,"ООО ""Эльтадор-М""",Иркутск,Часовая 28,3.0
1173,"ООО ""Самоходов""",Владивосток,Чебаркульская 6,3.0
1174,Русинтек,Ярославль,Челябинского Рабочего 41,2.0
1175,Зет-Стоун,﻿Москва,Челябэнерго 42,2.0
1176,﻿Синапсис,Санкт-Петербург,Черкасская 39,2.0
1177,Янус,Новосибирск,Черняховского 48,2.0
1178,"ООО ""ВиК-инжиниринг""",Екатеринбург,Чехова 26,2.0
1179,"ООО ""ИРБИС-ВЕНТ""",Новгород,Чистопольская 37,2.0
1180,Мотэк-99,Самара,Чичерина 24,2.0
1181,"ООО ""Сварожич""",Казань,Чоппа 22,2.0
1182,"ООО ""Слог""",Омск,Чукотская 9,1.0
1183,e-Volt,Челябинск,Шаумяна 42,1.0
1184,Феникс,Ростов-на-Дону,Шахтстроевская 23,2.0
1185,Райдос,Уфа,Шевченко 7,2.0
1186,Viva,Волгоград,Шенкурская 47,1.0
1187,ВАЛСИ,Пермь,Шершни 8,1.0
1188,СлавКабель,Красноярск,Шестая 26,1.0
1189,"ООО ""Абсолют""",Воронеж,Широкая 50,3.0
1190,"ГК ""Эталон""",Саратов,Ширшова 8,2.0
1191,Кварц,Краснодар,Шишкина 44,2.0
1192,"ООО ""МТА""",Тольятти,Школьная 1,1.0
1193,Палекс,Ижевск,Шлюзовая 13,3.0
1194,ИП Карачаров В.В.,Барнаул,Шота Руставели 25,1.0
1195,Мегаком,Ульяновск,Шуменская 8,2.0
1196,"ООО ""Петрикофф""",Тюмень,Щорса 11,2.0
1197,ИП Кахраманов Э.Б.,Иркутск,Щукина 9,1.0
1198,"ГК ""ФизТех""",Владивосток,Энгельса 25,2.0
1199,ИП Лебедева И.С.,Ярославль,Энергетиков 39,2.0
